{"$schema":"http://schema.management.azure.com/schemas/2015-01-01/deploymentTemplate.json#","contentVersion":"1.0.0.0","parameters":{"factoryName":{"type":"string","metadata":"Data Factory name"},"nttdatabricks":{"type":"string"},"dwhntt":{"type":"string"},"nttdemo":{"type":"string"}},"variables":{"factoryId":"[concat('Microsoft.DataFactory/factories/', parameters('factoryName'))]"},"resources":[{"name":"[concat(parameters('factoryName'), '/E-E Pipeline - Part2')]","type":"Microsoft.DataFactory/factories/pipelines","apiVersion":"2018-06-01","properties":{"activities":[{"name":"List tables","type":"Lookup","dependsOn":[],"policy":{"timeout":"7.00:00:00","retry":0,"retryIntervalInSeconds":30,"secureOutput":false,"secureInput":false},"userProperties":[],"typeProperties":{"source":{"type":"SqlDWSource","sqlReaderQuery":"SELECT * FROM sys.tables\nwhere name in ('tasks','tb_companyType','td_companyType')","queryTimeout":"02:00:00","partitionOption":"None"},"dataset":{"referenceName":"nttlisttables","type":"DatasetReference","parameters":{}},"firstRowOnly":false}},{"name":"Table iteration","type":"ForEach","dependsOn":[{"activity":"List tables","dependencyConditions":["Succeeded"]}],"userProperties":[],"typeProperties":{"items":{"value":"@activity('List tables').output.value","type":"Expression"},"activities":[{"name":"Data Transfer","type":"Copy","dependsOn":[],"policy":{"timeout":"7.00:00:00","retry":0,"retryIntervalInSeconds":30,"secureOutput":false,"secureInput":false},"userProperties":[],"typeProperties":{"source":{"type":"SqlDWSource","queryTimeout":"02:00:00","partitionOption":"None"},"sink":{"type":"DelimitedTextSink","storeSettings":{"type":"AzureBlobFSWriteSettings"},"formatSettings":{"type":"DelimitedTextWriteSettings","quoteAllText":true,"fileExtension":".csv"}},"enableStaging":false,"translator":{"type":"TabularTranslator","typeConversion":true,"typeConversionSettings":{"allowDataTruncation":true,"treatBooleanAsNumber":false}}},"inputs":[{"referenceName":"synapsentt","type":"DatasetReference","parameters":{"SchemaName":"dbo","TableName":{"value":"@item().name","type":"Expression"}}}],"outputs":[{"referenceName":"ntt_data","type":"DatasetReference","parameters":{"File Name":{"value":"@concat(item().name,'.csv')","type":"Expression"}}}]}]}},{"name":"Transformation","type":"DatabricksNotebook","dependsOn":[{"activity":"Table iteration","dependencyConditions":["Succeeded"]}],"policy":{"timeout":"7.00:00:00","retry":0,"retryIntervalInSeconds":30,"secureOutput":false,"secureInput":false},"userProperties":[],"typeProperties":{"notebookPath":"/Users/jybehera@microsoft.com/dataservices-sparksql/E-E Pipeline"},"linkedServiceName":{"referenceName":"[parameters('nttdatabricks')]","type":"LinkedServiceReference"}},{"name":"Load Datawarehouse","type":"Copy","dependsOn":[{"activity":"Transformation","dependencyConditions":["Succeeded"]}],"policy":{"timeout":"7.00:00:00","retry":0,"retryIntervalInSeconds":30,"secureOutput":false,"secureInput":false},"userProperties":[],"typeProperties":{"source":{"type":"ParquetSource","storeSettings":{"type":"AzureBlobFSReadSettings","recursive":true,"wildcardFolderPath":{"value":"@concat('curated','/','taskanalysis','/','year=',formatDateTime(utcnow(),'yyyy'),'/','month=',formatDateTime(utcnow(),'MM'),'/','day=',formatDateTime(utcnow(),'dd'))","type":"Expression"},"wildcardFileName":"*"}},"sink":{"type":"SqlDWSink","allowPolyBase":true,"polyBaseSettings":{"rejectValue":0,"rejectType":"value","useTypeDefault":true},"tableOption":"autoCreate"},"enableStaging":false},"inputs":[{"referenceName":"NttCuratedData","type":"DatasetReference","parameters":{}}],"outputs":[{"referenceName":"NTTdwh","type":"DatasetReference","parameters":{}}]},{"name":"Table Ingestion Failure","type":"WebActivity","dependsOn":[{"activity":"Table iteration","dependencyConditions":["Failed"]}],"policy":{"timeout":"7.00:00:00","retry":0,"retryIntervalInSeconds":30,"secureOutput":false,"secureInput":false},"userProperties":[],"typeProperties":{"url":"https://prod-08.southeastasia.logic.azure.com:443/workflows/83938054297a4dd6a2b9f8b9ac95b20f/triggers/manual/paths/invoke?api-version=2016-10-01&sp=%2Ftriggers%2Fmanual%2Frun&sv=1.0&sig=XBi1Gn9--u_px64jhviCIboL3f5j6Sr8aYYDGU724HE","method":"POST","headers":{"Content-Type":"application/json"},"body":{"DataFactoryName":"@{pipeline().DataFactory}","PipelineName":"@{pipeline().Pipeline}","Subject":"An error has occurred!","ErrorMessage":"ADF activity failed! Please check the logs.","EmailTo":"jybehera@microsoft.com"}}},{"name":"Datawarehouse Load Failure","type":"WebActivity","dependsOn":[{"activity":"Load Datawarehouse","dependencyConditions":["Failed"]}],"policy":{"timeout":"7.00:00:00","retry":0,"retryIntervalInSeconds":30,"secureOutput":false,"secureInput":false},"userProperties":[],"typeProperties":{"url":"https://prod-08.southeastasia.logic.azure.com:443/workflows/83938054297a4dd6a2b9f8b9ac95b20f/triggers/manual/paths/invoke?api-version=2016-10-01&sp=%2Ftriggers%2Fmanual%2Frun&sv=1.0&sig=XBi1Gn9--u_px64jhviCIboL3f5j6Sr8aYYDGU724HE","method":"POST","headers":{"Content-Type":"application/json"},"body":{"DataFactoryName":"@{pipeline().DataFactory}","PipelineName":"@{pipeline().Pipeline}","Subject":"An error has occurred!","ErrorMessage":"ADF activity failed! Please check the logs.","EmailTo":"jybehera@microsoft.com"}}},{"name":"Lookup Job Failure","type":"WebActivity","dependsOn":[{"activity":"List tables","dependencyConditions":["Failed"]}],"policy":{"timeout":"7.00:00:00","retry":0,"retryIntervalInSeconds":30,"secureOutput":false,"secureInput":false},"userProperties":[],"typeProperties":{"url":"https://prod-08.southeastasia.logic.azure.com:443/workflows/83938054297a4dd6a2b9f8b9ac95b20f/triggers/manual/paths/invoke?api-version=2016-10-01&sp=%2Ftriggers%2Fmanual%2Frun&sv=1.0&sig=XBi1Gn9--u_px64jhviCIboL3f5j6Sr8aYYDGU724HE","method":"POST","headers":{"Content-Type":"application/json"},"body":{"DataFactoryName":"@{pipeline().DataFactory}","PipelineName":"@{pipeline().Pipeline}","Subject":"An error has occurred!","ErrorMessage":"ADF activity failed! Please check the logs.","EmailTo":"jybehera@microsoft.com"}}},{"name":"Data Transformation Job Failure","type":"WebActivity","dependsOn":[{"activity":"Transformation","dependencyConditions":["Failed"]}],"policy":{"timeout":"7.00:00:00","retry":0,"retryIntervalInSeconds":30,"secureOutput":false,"secureInput":false},"userProperties":[],"typeProperties":{"url":"https://prod-08.southeastasia.logic.azure.com:443/workflows/83938054297a4dd6a2b9f8b9ac95b20f/triggers/manual/paths/invoke?api-version=2016-10-01&sp=%2Ftriggers%2Fmanual%2Frun&sv=1.0&sig=XBi1Gn9--u_px64jhviCIboL3f5j6Sr8aYYDGU724HE","method":"POST","headers":{"Content-Type":"application/json"},"body":{"DataFactoryName":"@{pipeline().DataFactory}","PipelineName":"@{pipeline().Pipeline}","Subject":"An error has occurred!","ErrorMessage":"ADF activity failed! Please check the logs.","EmailTo":"jybehera@microsoft.com"}}}],"folder":{"name":"E-E Pipeline"},"annotations":[],"lastPublishTime":"2020-09-28T01:40:30Z"},"dependsOn":["[concat(variables('factoryId'), '/datasets/nttlisttables')]","[concat(variables('factoryId'), '/datasets/NttCuratedData')]","[concat(variables('factoryId'), '/datasets/NTTdwh')]","[concat(variables('factoryId'), '/datasets/synapsentt')]","[concat(variables('factoryId'), '/datasets/ntt_data')]"]},{"name":"[concat(parameters('factoryName'), '/nttlisttables')]","type":"Microsoft.DataFactory/factories/datasets","apiVersion":"2018-06-01","properties":{"linkedServiceName":{"referenceName":"[parameters('dwhntt')]","type":"LinkedServiceReference"},"folder":{"name":"E-E Pipeline Datasets"},"annotations":[],"type":"AzureSqlDWTable","schema":[],"typeProperties":{}},"dependsOn":[]},{"name":"[concat(parameters('factoryName'), '/NttCuratedData')]","type":"Microsoft.DataFactory/factories/datasets","apiVersion":"2018-06-01","properties":{"linkedServiceName":{"referenceName":"[parameters('nttdemo')]","type":"LinkedServiceReference"},"folder":{"name":"E-E Pipeline Datasets"},"annotations":[],"type":"Parquet","typeProperties":{"location":{"type":"AzureBlobFSLocation","fileName":"*.parquet","folderPath":{"value":"@concat('curated','/','taskanalysis','/','year=',formatDateTime(utcnow(),'yyyy'),'/','month=',formatDateTime(utcnow(),'MM'),'/','day=',formatDateTime(utcnow(),'dd'))","type":"Expression"},"fileSystem":"pipelinetest"},"compressionCodec":"snappy"},"schema":[{"name":"ID","type":"UTF8"},{"name":"TaskCode","type":"UTF8"},{"name":"Number","type":"UTF8"},{"name":"MajorTaskCode","type":"UTF8"},{"name":"TaskTypeCode","type":"UTF8"},{"name":"StatusCode","type":"UTF8"},{"name":"CreatedDate","type":"INT96"},{"name":"Age_To_Open","type":"INT32"},{"name":"UpdatedDate","type":"INT96"},{"name":"Age_To_Update","type":"INT32"},{"name":"LastUpdatedAgeInDays","type":"INT32"},{"name":"IsChild","type":"INT32"},{"name":"IsInOutagePeriod","type":"UTF8"},{"name":"CompanyName","type":"UTF8"},{"name":"CompanyType","type":"UTF8"},{"name":"CONTRACTCODE","type":"UTF8"},{"name":"SnapshotDate","type":"DATE"},{"name":"SnapshotDateText","type":"UTF8"},{"name":"PriorityCode","type":"INT32"},{"name":"AssignmentGroupCode","type":"UTF8"},{"name":"AssigneeCode","type":"UTF8"},{"name":"RequesterCode","type":"UTF8"},{"name":"TechnologyCode","type":"UTF8"},{"name":"LocationCode","type":"UTF8"},{"name":"ResolutionCode","type":"UTF8"},{"name":"Active","type":"UTF8"},{"name":"LogMethod","type":"UTF8"},{"name":"year","type":"UTF8"},{"name":"month","type":"UTF8"},{"name":"day","type":"UTF8"}]},"dependsOn":[]},{"name":"[concat(parameters('factoryName'), '/NTTdwh')]","type":"Microsoft.DataFactory/factories/datasets","apiVersion":"2018-06-01","properties":{"linkedServiceName":{"referenceName":"[parameters('dwhntt')]","type":"LinkedServiceReference"},"folder":{"name":"E-E Pipeline Datasets"},"annotations":[],"type":"AzureSqlDWTable","schema":[],"typeProperties":{"schema":"dbo","table":"Tasksnapshot"}},"dependsOn":[]},{"name":"[concat(parameters('factoryName'), '/synapsentt')]","type":"Microsoft.DataFactory/factories/datasets","apiVersion":"2018-06-01","properties":{"linkedServiceName":{"referenceName":"[parameters('dwhntt')]","type":"LinkedServiceReference"},"parameters":{"SchemaName":{"type":"string"},"TableName":{"type":"string"}},"folder":{"name":"E-E Pipeline Datasets"},"annotations":[],"type":"AzureSqlDWTable","schema":[],"typeProperties":{"schema":{"value":"@dataset().SchemaName","type":"Expression"},"table":{"value":"@dataset().TableName","type":"Expression"}}},"dependsOn":[]},{"name":"[concat(parameters('factoryName'), '/ntt_data')]","type":"Microsoft.DataFactory/factories/datasets","apiVersion":"2018-06-01","properties":{"linkedServiceName":{"referenceName":"[parameters('nttdemo')]","type":"LinkedServiceReference"},"parameters":{"File Name":{"type":"string"}},"folder":{"name":"E-E Pipeline Datasets"},"annotations":[],"type":"DelimitedText","typeProperties":{"location":{"type":"AzureBlobFSLocation","folderPath":{"value":"@concat('Landing','/','year=',formatDateTime(utcnow(),'yyyy'),'/','month=',formatDateTime(utcnow(),'MM'),'/','day=',formatDateTime(utcnow(),'dd'))","type":"Expression"},"fileSystem":"pipelinetest"},"columnDelimiter":",","escapeChar":"\\","firstRowAsHeader":true,"quoteChar":"\""},"schema":[{"type":"String"},{"type":"String"},{"type":"String"},{"type":"String"},{"type":"String"},{"type":"String"},{"type":"String"},{"type":"String"},{"type":"String"},{"type":"String"},{"type":"String"},{"type":"String"},{"type":"String"},{"type":"String"},{"type":"String"},{"type":"String"},{"type":"String"}]},"dependsOn":[]}]}