{
    "$schema": "http://schema.management.azure.com/schemas/2015-01-01/deploymentTemplate.json#",
    "contentVersion": "1.0.0.0",
    "parameters": {
        "factoryName": {
            "type": "string",
            "metadata": "Data Factory name",
            "defaultValue": "NTTDemo"
        }
    },
    "variables": {
        "factoryId": "[concat('Microsoft.DataFactory/factories/', parameters('factoryName'))]"
    },
    "resources": [
        {
            "name": "[concat(parameters('factoryName'), '/synapsentt')]",
            "type": "Microsoft.DataFactory/factories/datasets",
            "apiVersion": "2018-06-01",
            "properties": {
                "linkedServiceName": {
                    "referenceName": "dwhntt",
                    "type": "LinkedServiceReference"
                },
                "parameters": {
                    "SchemaName": {
                        "type": "string"
                    },
                    "TableName": {
                        "type": "string"
                    }
                },
                "folder": {
                    "name": "E-E Pipeline Datasets"
                },
                "annotations": [],
                "type": "AzureSqlDWTable",
                "schema": [],
                "typeProperties": {
                    "schema": {
                        "value": "@dataset().SchemaName",
                        "type": "Expression"
                    },
                    "table": {
                        "value": "@dataset().TableName",
                        "type": "Expression"
                    }
                }
            },
            "dependsOn": []
        },
        {
            "name": "[concat(parameters('factoryName'), '/ntt_data')]",
            "type": "Microsoft.DataFactory/factories/datasets",
            "apiVersion": "2018-06-01",
            "properties": {
                "linkedServiceName": {
                    "referenceName": "nttdemo",
                    "type": "LinkedServiceReference"
                },
                "parameters": {
                    "File Name": {
                        "type": "string"
                    }
                },
                "folder": {
                    "name": "E-E Pipeline Datasets"
                },
                "annotations": [],
                "type": "DelimitedText",
                "typeProperties": {
                    "location": {
                        "type": "AzureBlobFSLocation",
                        "folderPath": {
                            "value": "@concat('Landing','/','year=',formatDateTime(utcnow(),'yyyy'),'/','month=',formatDateTime(utcnow(),'MM'),'/','day=',formatDateTime(utcnow(),'dd'))",
                            "type": "Expression"
                        },
                        "fileSystem": "pipelinetest"
                    },
                    "columnDelimiter": ",",
                    "escapeChar": "\\",
                    "firstRowAsHeader": true,
                    "quoteChar": "\""
                },
                "schema": [
                    {
                        "type": "String"
                    },
                    {
                        "type": "String"
                    },
                    {
                        "type": "String"
                    },
                    {
                        "type": "String"
                    },
                    {
                        "type": "String"
                    },
                    {
                        "type": "String"
                    },
                    {
                        "type": "String"
                    },
                    {
                        "type": "String"
                    },
                    {
                        "type": "String"
                    },
                    {
                        "type": "String"
                    },
                    {
                        "type": "String"
                    },
                    {
                        "type": "String"
                    },
                    {
                        "type": "String"
                    },
                    {
                        "type": "String"
                    },
                    {
                        "type": "String"
                    },
                    {
                        "type": "String"
                    },
                    {
                        "type": "String"
                    }
                ]
            },
            "dependsOn": []
        },
        {
            "name": "[concat(parameters('factoryName'), '/ntt_data_initial_load')]",
            "type": "Microsoft.DataFactory/factories/datasets",
            "apiVersion": "2018-06-01",
            "properties": {
                "linkedServiceName": {
                    "referenceName": "nttdemo",
                    "type": "LinkedServiceReference"
                },
                "folder": {
                    "name": "Initial Load"
                },
                "annotations": [],
                "type": "DelimitedText",
                "typeProperties": {
                    "location": {
                        "type": "AzureBlobFSLocation",
                        "fileName": "td_companytype.csv",
                        "folderPath": "Landing/td_companytype/year=2020/month=08/day=12",
                        "fileSystem": "input"
                    },
                    "columnDelimiter": ",",
                    "escapeChar": "\\",
                    "firstRowAsHeader": true,
                    "quoteChar": "\""
                },
                "schema": [
                    {
                        "name": "CompanyTypeID",
                        "type": "String"
                    },
                    {
                        "name": "CompanyType",
                        "type": "String"
                    }
                ]
            },
            "dependsOn": []
        },
        {
            "name": "[concat(parameters('factoryName'), '/nttlisttables')]",
            "type": "Microsoft.DataFactory/factories/datasets",
            "apiVersion": "2018-06-01",
            "properties": {
                "linkedServiceName": {
                    "referenceName": "dwhntt",
                    "type": "LinkedServiceReference"
                },
                "folder": {
                    "name": "E-E Pipeline Datasets"
                },
                "annotations": [],
                "type": "AzureSqlDWTable",
                "schema": [],
                "typeProperties": {}
            },
            "dependsOn": []
        },
        {
            "name": "[concat(parameters('factoryName'), '/synapsentt_initial_load')]",
            "type": "Microsoft.DataFactory/factories/datasets",
            "apiVersion": "2018-06-01",
            "properties": {
                "linkedServiceName": {
                    "referenceName": "dwhntt",
                    "type": "LinkedServiceReference"
                },
                "folder": {
                    "name": "Initial Load"
                },
                "annotations": [],
                "type": "AzureSqlDWTable",
                "schema": [
                    {
                        "name": "companyTypeID",
                        "type": "int",
                        "precision": 10
                    },
                    {
                        "name": "companyType",
                        "type": "varchar"
                    }
                ],
                "typeProperties": {
                    "schema": "dbo",
                    "table": "td_companytype"
                }
            },
            "dependsOn": []
        },
        {
            "name": "[concat(parameters('factoryName'), '/NttCuratedData')]",
            "type": "Microsoft.DataFactory/factories/datasets",
            "apiVersion": "2018-06-01",
            "properties": {
                "linkedServiceName": {
                    "referenceName": "nttdemo",
                    "type": "LinkedServiceReference"
                },
                "folder": {
                    "name": "E-E Pipeline Datasets"
                },
                "annotations": [],
                "type": "Parquet",
                "typeProperties": {
                    "location": {
                        "type": "AzureBlobFSLocation",
                        "fileName": "*.parquet",
                        "folderPath": {
                            "value": "@concat('curated','/','taskanalysis','/','year=',formatDateTime(utcnow(),'yyyy'),'/','month=',formatDateTime(utcnow(),'MM'),'/','day=',formatDateTime(utcnow(),'dd'))",
                            "type": "Expression"
                        },
                        "fileSystem": "pipelinetest"
                    },
                    "compressionCodec": "snappy"
                },
                "schema": [
                    {
                        "name": "ID",
                        "type": "UTF8"
                    },
                    {
                        "name": "TaskCode",
                        "type": "UTF8"
                    },
                    {
                        "name": "Number",
                        "type": "UTF8"
                    },
                    {
                        "name": "MajorTaskCode",
                        "type": "UTF8"
                    },
                    {
                        "name": "TaskTypeCode",
                        "type": "UTF8"
                    },
                    {
                        "name": "StatusCode",
                        "type": "UTF8"
                    },
                    {
                        "name": "CreatedDate",
                        "type": "INT96"
                    },
                    {
                        "name": "Age_To_Open",
                        "type": "INT32"
                    },
                    {
                        "name": "UpdatedDate",
                        "type": "INT96"
                    },
                    {
                        "name": "Age_To_Update",
                        "type": "INT32"
                    },
                    {
                        "name": "LastUpdatedAgeInDays",
                        "type": "INT32"
                    },
                    {
                        "name": "IsChild",
                        "type": "INT32"
                    },
                    {
                        "name": "IsInOutagePeriod",
                        "type": "UTF8"
                    },
                    {
                        "name": "CompanyName",
                        "type": "UTF8"
                    },
                    {
                        "name": "CompanyType",
                        "type": "UTF8"
                    },
                    {
                        "name": "CONTRACTCODE",
                        "type": "UTF8"
                    },
                    {
                        "name": "SnapshotDate",
                        "type": "DATE"
                    },
                    {
                        "name": "SnapshotDateText",
                        "type": "UTF8"
                    },
                    {
                        "name": "PriorityCode",
                        "type": "INT32"
                    },
                    {
                        "name": "AssignmentGroupCode",
                        "type": "UTF8"
                    },
                    {
                        "name": "AssigneeCode",
                        "type": "UTF8"
                    },
                    {
                        "name": "RequesterCode",
                        "type": "UTF8"
                    },
                    {
                        "name": "TechnologyCode",
                        "type": "UTF8"
                    },
                    {
                        "name": "LocationCode",
                        "type": "UTF8"
                    },
                    {
                        "name": "ResolutionCode",
                        "type": "UTF8"
                    },
                    {
                        "name": "Active",
                        "type": "UTF8"
                    },
                    {
                        "name": "LogMethod",
                        "type": "UTF8"
                    },
                    {
                        "name": "year",
                        "type": "UTF8"
                    },
                    {
                        "name": "month",
                        "type": "UTF8"
                    },
                    {
                        "name": "day",
                        "type": "UTF8"
                    }
                ]
            },
            "dependsOn": []
        },
        {
            "name": "[concat(parameters('factoryName'), '/NTTdwh')]",
            "type": "Microsoft.DataFactory/factories/datasets",
            "apiVersion": "2018-06-01",
            "properties": {
                "linkedServiceName": {
                    "referenceName": "dwhntt",
                    "type": "LinkedServiceReference"
                },
                "folder": {
                    "name": "E-E Pipeline Datasets"
                },
                "annotations": [],
                "type": "AzureSqlDWTable",
                "schema": [],
                "typeProperties": {
                    "schema": "dbo",
                    "table": "Tasksnapshot"
                }
            },
            "dependsOn": []
        },
        {
            "name": "[concat(parameters('factoryName'), '/EmployeeFiles')]",
            "type": "Microsoft.DataFactory/factories/datasets",
            "apiVersion": "2018-06-01",
            "properties": {
                "linkedServiceName": {
                    "referenceName": "staging",
                    "type": "LinkedServiceReference"
                },
                "annotations": [],
                "type": "DelimitedText",
                "typeProperties": {
                    "location": {
                        "type": "AzureBlobStorageLocation",
                        "container": "scd2"
                    },
                    "columnDelimiter": ",",
                    "escapeChar": "\\",
                    "firstRowAsHeader": true,
                    "quoteChar": "\""
                },
                "schema": [
                    {
                        "name": "EmpID",
                        "type": "String"
                    },
                    {
                        "name": "Region",
                        "type": "String"
                    },
                    {
                        "name": "Status",
                        "type": "String"
                    },
                    {
                        "name": "Function",
                        "type": "String"
                    },
                    {
                        "name": "Level",
                        "type": "String"
                    },
                    {
                        "name": "Role",
                        "type": "String"
                    },
                    {
                        "name": "StartDate",
                        "type": "String"
                    },
                    {
                        "name": "EndDate",
                        "type": "String"
                    }
                ]
            },
            "dependsOn": []
        },
        {
            "name": "[concat(parameters('factoryName'), '/DimEmp')]",
            "type": "Microsoft.DataFactory/factories/datasets",
            "apiVersion": "2018-06-01",
            "properties": {
                "linkedServiceName": {
                    "referenceName": "scd2",
                    "type": "LinkedServiceReference"
                },
                "annotations": [],
                "type": "AzureSqlTable",
                "schema": [
                    {
                        "name": "EmpID",
                        "type": "int",
                        "precision": 10
                    },
                    {
                        "name": "surrogatekey",
                        "type": "nvarchar"
                    },
                    {
                        "name": "Region",
                        "type": "nvarchar"
                    },
                    {
                        "name": "Status",
                        "type": "nvarchar"
                    },
                    {
                        "name": "EmpFunction",
                        "type": "nvarchar"
                    },
                    {
                        "name": "Level",
                        "type": "nvarchar"
                    },
                    {
                        "name": "Role",
                        "type": "nvarchar"
                    },
                    {
                        "name": "StartDate",
                        "type": "date"
                    },
                    {
                        "name": "EndDate",
                        "type": "date"
                    },
                    {
                        "name": "iscurrent",
                        "type": "int",
                        "precision": 10
                    },
                    {
                        "name": "processtime",
                        "type": "datetime",
                        "precision": 23,
                        "scale": 3
                    }
                ],
                "typeProperties": {
                    "tableName": "[[dbo].[DimEmp]"
                }
            },
            "dependsOn": []
        },
        {
            "name": "[concat(parameters('factoryName'), '/pipeline- load Raw Data')]",
            "type": "Microsoft.DataFactory/factories/pipelines",
            "apiVersion": "2018-06-01",
            "properties": {
                "activities": [
                    {
                        "name": "load NTT raw data",
                        "type": "Copy",
                        "dependsOn": [],
                        "policy": {
                            "timeout": "7.00:00:00",
                            "retry": 0,
                            "retryIntervalInSeconds": 30,
                            "secureOutput": false,
                            "secureInput": false
                        },
                        "userProperties": [],
                        "typeProperties": {
                            "source": {
                                "type": "DelimitedTextSource",
                                "storeSettings": {
                                    "type": "AzureBlobFSReadSettings",
                                    "recursive": true,
                                    "enablePartitionDiscovery": false
                                },
                                "formatSettings": {
                                    "type": "DelimitedTextReadSettings",
                                    "skipLineCount": 0
                                }
                            },
                            "sink": {
                                "type": "SqlDWSink",
                                "allowPolyBase": true,
                                "polyBaseSettings": {
                                    "rejectValue": 0,
                                    "rejectType": "value",
                                    "useTypeDefault": true
                                }
                            },
                            "enableStaging": true,
                            "stagingSettings": {
                                "linkedServiceName": {
                                    "referenceName": "staging",
                                    "type": "LinkedServiceReference"
                                }
                            },
                            "translator": {
                                "type": "TabularTranslator",
                                "mappings": [
                                    {
                                        "source": {
                                            "name": "CompanyTypeID",
                                            "type": "String"
                                        },
                                        "sink": {
                                            "name": "companyTypeID",
                                            "type": "Int32"
                                        }
                                    },
                                    {
                                        "source": {
                                            "name": "CompanyType",
                                            "type": "String"
                                        },
                                        "sink": {
                                            "name": "companyType",
                                            "type": "String"
                                        }
                                    }
                                ]
                            }
                        },
                        "inputs": [
                            {
                                "referenceName": "ntt_data_initial_load",
                                "type": "DatasetReference",
                                "parameters": {}
                            }
                        ],
                        "outputs": [
                            {
                                "referenceName": "synapsentt_initial_load",
                                "type": "DatasetReference",
                                "parameters": {}
                            }
                        ]
                    }
                ],
                "folder": {
                    "name": "Initial Load-30072020"
                },
                "annotations": [],
                "lastPublishTime": "2020-09-15T02:43:14Z"
            },
            "dependsOn": [
                "[concat(variables('factoryId'), '/datasets/ntt_data_initial_load')]",
                "[concat(variables('factoryId'), '/datasets/synapsentt_initial_load')]"
            ]
        },
        {
            "name": "[concat(parameters('factoryName'), '/E-E Pipeline - Part 1')]",
            "type": "Microsoft.DataFactory/factories/pipelines",
            "apiVersion": "2018-06-01",
            "properties": {
                "activities": [
                    {
                        "name": "List tables",
                        "type": "Lookup",
                        "dependsOn": [],
                        "policy": {
                            "timeout": "7.00:00:00",
                            "retry": 0,
                            "retryIntervalInSeconds": 30,
                            "secureOutput": false,
                            "secureInput": false
                        },
                        "userProperties": [],
                        "typeProperties": {
                            "source": {
                                "type": "SqlDWSource",
                                "sqlReaderQuery": "SELECT * FROM sys.tables\nwhere name in ('company','contract')",
                                "queryTimeout": "02:00:00",
                                "partitionOption": "None"
                            },
                            "dataset": {
                                "referenceName": "nttlisttables",
                                "type": "DatasetReference",
                                "parameters": {}
                            },
                            "firstRowOnly": false
                        }
                    },
                    {
                        "name": "Table iteration",
                        "type": "ForEach",
                        "dependsOn": [
                            {
                                "activity": "List tables",
                                "dependencyConditions": [
                                    "Succeeded"
                                ]
                            }
                        ],
                        "userProperties": [],
                        "typeProperties": {
                            "items": {
                                "value": "@activity('List tables').output.value",
                                "type": "Expression"
                            },
                            "activities": [
                                {
                                    "name": "Data Transfer",
                                    "type": "Copy",
                                    "dependsOn": [],
                                    "policy": {
                                        "timeout": "7.00:00:00",
                                        "retry": 0,
                                        "retryIntervalInSeconds": 30,
                                        "secureOutput": false,
                                        "secureInput": false
                                    },
                                    "userProperties": [],
                                    "typeProperties": {
                                        "source": {
                                            "type": "SqlDWSource",
                                            "queryTimeout": "02:00:00",
                                            "partitionOption": "None"
                                        },
                                        "sink": {
                                            "type": "DelimitedTextSink",
                                            "storeSettings": {
                                                "type": "AzureBlobFSWriteSettings"
                                            },
                                            "formatSettings": {
                                                "type": "DelimitedTextWriteSettings",
                                                "quoteAllText": true,
                                                "fileExtension": ".csv"
                                            }
                                        },
                                        "enableStaging": false,
                                        "translator": {
                                            "type": "TabularTranslator",
                                            "typeConversion": true,
                                            "typeConversionSettings": {
                                                "allowDataTruncation": true,
                                                "treatBooleanAsNumber": false
                                            }
                                        }
                                    },
                                    "inputs": [
                                        {
                                            "referenceName": "synapsentt",
                                            "type": "DatasetReference",
                                            "parameters": {
                                                "SchemaName": "dbo",
                                                "TableName": {
                                                    "value": "@item().name",
                                                    "type": "Expression"
                                                }
                                            }
                                        }
                                    ],
                                    "outputs": [
                                        {
                                            "referenceName": "ntt_data",
                                            "type": "DatasetReference",
                                            "parameters": {
                                                "File Name": {
                                                    "value": "@concat(item().name,'.csv')",
                                                    "type": "Expression"
                                                }
                                            }
                                        }
                                    ]
                                }
                            ]
                        }
                    },
                    {
                        "name": "Lookup Activity Failure",
                        "type": "WebActivity",
                        "dependsOn": [
                            {
                                "activity": "List tables",
                                "dependencyConditions": [
                                    "Failed"
                                ]
                            }
                        ],
                        "policy": {
                            "timeout": "7.00:00:00",
                            "retry": 0,
                            "retryIntervalInSeconds": 30,
                            "secureOutput": false,
                            "secureInput": false
                        },
                        "userProperties": [],
                        "typeProperties": {
                            "url": "https://prod-08.southeastasia.logic.azure.com:443/workflows/83938054297a4dd6a2b9f8b9ac95b20f/triggers/manual/paths/invoke?api-version=2016-10-01&sp=%2Ftriggers%2Fmanual%2Frun&sv=1.0&sig=XBi1Gn9--u_px64jhviCIboL3f5j6Sr8aYYDGU724HE",
                            "method": "POST",
                            "headers": {
                                "Content-Type": "application/json"
                            },
                            "body": {
                                "DataFactoryName": "@{pipeline().DataFactory}",
                                "PipelineName": "@{pipeline().Pipeline}",
                                "Subject": "An error has occurred!",
                                "ErrorMessage": "ADF activity failed! Please check the logs.",
                                "EmailTo": "jybehera@microsoft.com"
                            }
                        }
                    },
                    {
                        "name": "Table Ingestion Failure",
                        "type": "WebActivity",
                        "dependsOn": [
                            {
                                "activity": "Table iteration",
                                "dependencyConditions": [
                                    "Failed"
                                ]
                            }
                        ],
                        "policy": {
                            "timeout": "7.00:00:00",
                            "retry": 0,
                            "retryIntervalInSeconds": 30,
                            "secureOutput": false,
                            "secureInput": false
                        },
                        "userProperties": [],
                        "typeProperties": {
                            "url": "https://prod-08.southeastasia.logic.azure.com:443/workflows/83938054297a4dd6a2b9f8b9ac95b20f/triggers/manual/paths/invoke?api-version=2016-10-01&sp=%2Ftriggers%2Fmanual%2Frun&sv=1.0&sig=XBi1Gn9--u_px64jhviCIboL3f5j6Sr8aYYDGU724HE",
                            "method": "POST",
                            "headers": {
                                "Content-Type": "application/json"
                            },
                            "body": {
                                "DataFactoryName": "@{pipeline().DataFactory}",
                                "PipelineName": "@{pipeline().Pipeline}",
                                "Subject": "An error has occurred!",
                                "ErrorMessage": "ADF activity failed! Please check the logs.",
                                "EmailTo": "jybehera@microsoft.com"
                            }
                        }
                    }
                ],
                "folder": {
                    "name": "E-E Pipeline"
                },
                "annotations": [],
                "lastPublishTime": "2020-09-15T02:43:14Z"
            },
            "dependsOn": [
                "[concat(variables('factoryId'), '/datasets/nttlisttables')]",
                "[concat(variables('factoryId'), '/datasets/synapsentt')]",
                "[concat(variables('factoryId'), '/datasets/ntt_data')]"
            ]
        },
        {
            "name": "[concat(parameters('factoryName'), '/E-E Pipeline - Part2')]",
            "type": "Microsoft.DataFactory/factories/pipelines",
            "apiVersion": "2018-06-01",
            "properties": {
                "activities": [
                    {
                        "name": "List tables",
                        "type": "Lookup",
                        "dependsOn": [],
                        "policy": {
                            "timeout": "7.00:00:00",
                            "retry": 0,
                            "retryIntervalInSeconds": 30,
                            "secureOutput": false,
                            "secureInput": false
                        },
                        "userProperties": [],
                        "typeProperties": {
                            "source": {
                                "type": "SqlDWSource",
                                "sqlReaderQuery": "SELECT * FROM sys.tables\nwhere name in ('tasks','tb_companyType','td_companyType')",
                                "queryTimeout": "02:00:00",
                                "partitionOption": "None"
                            },
                            "dataset": {
                                "referenceName": "nttlisttables",
                                "type": "DatasetReference",
                                "parameters": {}
                            },
                            "firstRowOnly": false
                        }
                    },
                    {
                        "name": "Table iteration",
                        "type": "ForEach",
                        "dependsOn": [
                            {
                                "activity": "List tables",
                                "dependencyConditions": [
                                    "Succeeded"
                                ]
                            }
                        ],
                        "userProperties": [],
                        "typeProperties": {
                            "items": {
                                "value": "@activity('List tables').output.value",
                                "type": "Expression"
                            },
                            "activities": [
                                {
                                    "name": "Data Transfer",
                                    "type": "Copy",
                                    "dependsOn": [],
                                    "policy": {
                                        "timeout": "7.00:00:00",
                                        "retry": 0,
                                        "retryIntervalInSeconds": 30,
                                        "secureOutput": false,
                                        "secureInput": false
                                    },
                                    "userProperties": [],
                                    "typeProperties": {
                                        "source": {
                                            "type": "SqlDWSource",
                                            "queryTimeout": "02:00:00",
                                            "partitionOption": "None"
                                        },
                                        "sink": {
                                            "type": "DelimitedTextSink",
                                            "storeSettings": {
                                                "type": "AzureBlobFSWriteSettings"
                                            },
                                            "formatSettings": {
                                                "type": "DelimitedTextWriteSettings",
                                                "quoteAllText": true,
                                                "fileExtension": ".csv"
                                            }
                                        },
                                        "enableStaging": false,
                                        "translator": {
                                            "type": "TabularTranslator",
                                            "typeConversion": true,
                                            "typeConversionSettings": {
                                                "allowDataTruncation": true,
                                                "treatBooleanAsNumber": false
                                            }
                                        }
                                    },
                                    "inputs": [
                                        {
                                            "referenceName": "synapsentt",
                                            "type": "DatasetReference",
                                            "parameters": {
                                                "SchemaName": "dbo",
                                                "TableName": {
                                                    "value": "@item().name",
                                                    "type": "Expression"
                                                }
                                            }
                                        }
                                    ],
                                    "outputs": [
                                        {
                                            "referenceName": "ntt_data",
                                            "type": "DatasetReference",
                                            "parameters": {
                                                "File Name": {
                                                    "value": "@concat(item().name,'.csv')",
                                                    "type": "Expression"
                                                }
                                            }
                                        }
                                    ]
                                }
                            ]
                        }
                    },
                    {
                        "name": "Transformation",
                        "type": "DatabricksNotebook",
                        "dependsOn": [
                            {
                                "activity": "Table iteration",
                                "dependencyConditions": [
                                    "Succeeded"
                                ]
                            }
                        ],
                        "policy": {
                            "timeout": "7.00:00:00",
                            "retry": 0,
                            "retryIntervalInSeconds": 30,
                            "secureOutput": false,
                            "secureInput": false
                        },
                        "userProperties": [],
                        "typeProperties": {
                            "notebookPath": "/Users/jybehera@microsoft.com/dataservices-sparksql/E-E Pipeline"
                        },
                        "linkedServiceName": {
                            "referenceName": "nttdatabricks",
                            "type": "LinkedServiceReference"
                        }
                    },
                    {
                        "name": "Load Datawarehouse",
                        "type": "Copy",
                        "dependsOn": [
                            {
                                "activity": "Transformation",
                                "dependencyConditions": [
                                    "Succeeded"
                                ]
                            }
                        ],
                        "policy": {
                            "timeout": "7.00:00:00",
                            "retry": 0,
                            "retryIntervalInSeconds": 30,
                            "secureOutput": false,
                            "secureInput": false
                        },
                        "userProperties": [],
                        "typeProperties": {
                            "source": {
                                "type": "ParquetSource",
                                "storeSettings": {
                                    "type": "AzureBlobFSReadSettings",
                                    "recursive": true,
                                    "wildcardFolderPath": {
                                        "value": "@concat('curated','/','taskanalysis','/','year=',formatDateTime(utcnow(),'yyyy'),'/','month=',formatDateTime(utcnow(),'MM'),'/','day=',formatDateTime(utcnow(),'dd'))",
                                        "type": "Expression"
                                    },
                                    "wildcardFileName": "*"
                                }
                            },
                            "sink": {
                                "type": "SqlDWSink",
                                "allowPolyBase": true,
                                "polyBaseSettings": {
                                    "rejectValue": 0,
                                    "rejectType": "value",
                                    "useTypeDefault": true
                                },
                                "tableOption": "autoCreate"
                            },
                            "enableStaging": false
                        },
                        "inputs": [
                            {
                                "referenceName": "NttCuratedData",
                                "type": "DatasetReference",
                                "parameters": {}
                            }
                        ],
                        "outputs": [
                            {
                                "referenceName": "NTTdwh",
                                "type": "DatasetReference",
                                "parameters": {}
                            }
                        ]
                    },
                    {
                        "name": "Table Ingestion Failure",
                        "type": "WebActivity",
                        "dependsOn": [
                            {
                                "activity": "Table iteration",
                                "dependencyConditions": [
                                    "Failed"
                                ]
                            }
                        ],
                        "policy": {
                            "timeout": "7.00:00:00",
                            "retry": 0,
                            "retryIntervalInSeconds": 30,
                            "secureOutput": false,
                            "secureInput": false
                        },
                        "userProperties": [],
                        "typeProperties": {
                            "url": "https://prod-08.southeastasia.logic.azure.com:443/workflows/83938054297a4dd6a2b9f8b9ac95b20f/triggers/manual/paths/invoke?api-version=2016-10-01&sp=%2Ftriggers%2Fmanual%2Frun&sv=1.0&sig=XBi1Gn9--u_px64jhviCIboL3f5j6Sr8aYYDGU724HE",
                            "method": "POST",
                            "headers": {
                                "Content-Type": "application/json"
                            },
                            "body": {
                                "DataFactoryName": "@{pipeline().DataFactory}",
                                "PipelineName": "@{pipeline().Pipeline}",
                                "Subject": "An error has occurred!",
                                "ErrorMessage": "ADF activity failed! Please check the logs.",
                                "EmailTo": "jybehera@microsoft.com"
                            }
                        }
                    },
                    {
                        "name": "Datawarehouse Load Failure",
                        "type": "WebActivity",
                        "dependsOn": [
                            {
                                "activity": "Load Datawarehouse",
                                "dependencyConditions": [
                                    "Failed"
                                ]
                            }
                        ],
                        "policy": {
                            "timeout": "7.00:00:00",
                            "retry": 0,
                            "retryIntervalInSeconds": 30,
                            "secureOutput": false,
                            "secureInput": false
                        },
                        "userProperties": [],
                        "typeProperties": {
                            "url": "https://prod-08.southeastasia.logic.azure.com:443/workflows/83938054297a4dd6a2b9f8b9ac95b20f/triggers/manual/paths/invoke?api-version=2016-10-01&sp=%2Ftriggers%2Fmanual%2Frun&sv=1.0&sig=XBi1Gn9--u_px64jhviCIboL3f5j6Sr8aYYDGU724HE",
                            "method": "POST",
                            "headers": {
                                "Content-Type": "application/json"
                            },
                            "body": {
                                "DataFactoryName": "@{pipeline().DataFactory}",
                                "PipelineName": "@{pipeline().Pipeline}",
                                "Subject": "An error has occurred!",
                                "ErrorMessage": "ADF activity failed! Please check the logs.",
                                "EmailTo": "jybehera@microsoft.com"
                            }
                        }
                    },
                    {
                        "name": "Lookup Job Failure",
                        "type": "WebActivity",
                        "dependsOn": [
                            {
                                "activity": "List tables",
                                "dependencyConditions": [
                                    "Failed"
                                ]
                            }
                        ],
                        "policy": {
                            "timeout": "7.00:00:00",
                            "retry": 0,
                            "retryIntervalInSeconds": 30,
                            "secureOutput": false,
                            "secureInput": false
                        },
                        "userProperties": [],
                        "typeProperties": {
                            "url": "https://prod-08.southeastasia.logic.azure.com:443/workflows/83938054297a4dd6a2b9f8b9ac95b20f/triggers/manual/paths/invoke?api-version=2016-10-01&sp=%2Ftriggers%2Fmanual%2Frun&sv=1.0&sig=XBi1Gn9--u_px64jhviCIboL3f5j6Sr8aYYDGU724HE",
                            "method": "POST",
                            "headers": {
                                "Content-Type": "application/json"
                            },
                            "body": {
                                "DataFactoryName": "@{pipeline().DataFactory}",
                                "PipelineName": "@{pipeline().Pipeline}",
                                "Subject": "An error has occurred!",
                                "ErrorMessage": "ADF activity failed! Please check the logs.",
                                "EmailTo": "jybehera@microsoft.com"
                            }
                        }
                    },
                    {
                        "name": "Data Transformation Job Failure",
                        "type": "WebActivity",
                        "dependsOn": [
                            {
                                "activity": "Transformation",
                                "dependencyConditions": [
                                    "Failed"
                                ]
                            }
                        ],
                        "policy": {
                            "timeout": "7.00:00:00",
                            "retry": 0,
                            "retryIntervalInSeconds": 30,
                            "secureOutput": false,
                            "secureInput": false
                        },
                        "userProperties": [],
                        "typeProperties": {
                            "url": "https://prod-08.southeastasia.logic.azure.com:443/workflows/83938054297a4dd6a2b9f8b9ac95b20f/triggers/manual/paths/invoke?api-version=2016-10-01&sp=%2Ftriggers%2Fmanual%2Frun&sv=1.0&sig=XBi1Gn9--u_px64jhviCIboL3f5j6Sr8aYYDGU724HE",
                            "method": "POST",
                            "headers": {
                                "Content-Type": "application/json"
                            },
                            "body": {
                                "DataFactoryName": "@{pipeline().DataFactory}",
                                "PipelineName": "@{pipeline().Pipeline}",
                                "Subject": "An error has occurred!",
                                "ErrorMessage": "ADF activity failed! Please check the logs.",
                                "EmailTo": "jybehera@microsoft.com"
                            }
                        }
                    }
                ],
                "folder": {
                    "name": "E-E Pipeline"
                },
                "annotations": [],
                "lastPublishTime": "2020-09-15T02:43:14Z"
            },
            "dependsOn": [
                "[concat(variables('factoryId'), '/datasets/nttlisttables')]",
                "[concat(variables('factoryId'), '/datasets/NttCuratedData')]",
                "[concat(variables('factoryId'), '/datasets/NTTdwh')]",
                "[concat(variables('factoryId'), '/datasets/synapsentt')]",
                "[concat(variables('factoryId'), '/datasets/ntt_data')]"
            ]
        },
        {
            "name": "[concat(parameters('factoryName'), '/localselfIR')]",
            "type": "Microsoft.DataFactory/factories/datasets",
            "apiVersion": "2018-06-01",
            "properties": {
                "linkedServiceName": {
                    "referenceName": "BikestoresDB",
                    "type": "LinkedServiceReference",
                    "parameters": {
                        "DBName": {
                            "value": "@dataset().DbName",
                            "type": "Expression"
                        }
                    }
                },
                "parameters": {
                    "TableName": {
                        "type": "string"
                    },
                    "SchemaName": {
                        "type": "string"
                    },
                    "DbName": {
                        "type": "string"
                    }
                },
                "folder": {
                    "name": "NTT-30072020"
                },
                "annotations": [],
                "type": "SqlServerTable",
                "schema": [],
                "typeProperties": {
                    "schema": {
                        "value": "@dataset().SchemaName",
                        "type": "Expression"
                    },
                    "table": {
                        "value": "@dataset().TableName",
                        "type": "Expression"
                    }
                }
            },
            "dependsOn": []
        },
        {
            "name": "[concat(parameters('factoryName'), '/copysingletable')]",
            "type": "Microsoft.DataFactory/factories/datasets",
            "apiVersion": "2018-06-01",
            "properties": {
                "linkedServiceName": {
                    "referenceName": "BikestoresDB",
                    "type": "LinkedServiceReference",
                    "parameters": {
                        "DBName": "BikeStores"
                    }
                },
                "folder": {
                    "name": "NTT-30072020"
                },
                "annotations": [],
                "type": "SqlServerTable",
                "schema": [
                    {
                        "name": "category_id",
                        "type": "int",
                        "precision": 10
                    },
                    {
                        "name": "category_name",
                        "type": "varchar"
                    }
                ],
                "typeProperties": {
                    "schema": "production",
                    "table": "categories"
                }
            },
            "dependsOn": []
        },
        {
            "name": "[concat(parameters('factoryName'), '/generatetablelist')]",
            "type": "Microsoft.DataFactory/factories/datasets",
            "apiVersion": "2018-06-01",
            "properties": {
                "linkedServiceName": {
                    "referenceName": "BikestoresDB",
                    "type": "LinkedServiceReference",
                    "parameters": {
                        "DBName": "BikeStores"
                    }
                },
                "folder": {
                    "name": "NTT-30072020"
                },
                "annotations": [],
                "type": "SqlServerTable",
                "schema": [],
                "typeProperties": {}
            },
            "dependsOn": []
        },
        {
            "name": "[concat(parameters('factoryName'), '/DimEmployeeLoader2')]",
            "type": "Microsoft.DataFactory/factories/dataflows",
            "apiVersion": "2018-06-01",
            "properties": {
                "type": "MappingDataFlow",
                "typeProperties": {
                    "sources": [
                        {
                            "dataset": {
                                "referenceName": "EmployeeFiles",
                                "type": "DatasetReference"
                            },
                            "name": "Employees1",
                            "description": " Source employees file, changes every day"
                        },
                        {
                            "dataset": {
                                "referenceName": "DimEmp",
                                "type": "DatasetReference"
                            },
                            "name": "DimEmployees",
                            "description": "Current rows in DimEmployees DW table"
                        }
                    ],
                    "sinks": [
                        {
                            "dataset": {
                                "referenceName": "DimEmp",
                                "type": "DatasetReference"
                            },
                            "name": "sinkNew",
                            "description": " "
                        },
                        {
                            "dataset": {
                                "referenceName": "DimEmp",
                                "type": "DatasetReference"
                            },
                            "name": "sinkUpdates",
                            "description": " "
                        },
                        {
                            "dataset": {
                                "referenceName": "DimEmp",
                                "type": "DatasetReference"
                            },
                            "name": "sinkInactive",
                            "description": " Age out old rows"
                        }
                    ],
                    "transformations": [
                        {
                            "name": "TypeConversions"
                        },
                        {
                            "name": "TypeConversionsAndSetAttrs"
                        },
                        {
                            "name": "LookupIDs"
                        },
                        {
                            "name": "ConditionalSplit1"
                        },
                        {
                            "name": "checkForChanges"
                        },
                        {
                            "name": "SetAttrsForNew"
                        },
                        {
                            "name": "SetAttrsInactive",
                            "description": "make iscurrent 0"
                        },
                        {
                            "name": "SetAttrsUpdate"
                        },
                        {
                            "name": "NormNames"
                        },
                        {
                            "name": "InactiveFields"
                        },
                        {
                            "name": "AlterRow1"
                        },
                        {
                            "name": "NullFilter",
                            "description": "Filter out NULLs from source file"
                        },
                        {
                            "name": "NameNorm2"
                        }
                    ],
                    "script": "source(output(\n\t\tEmpID as string,\n\t\tRegion as string,\n\t\tStatus as string,\n\t\tFunction as string,\n\t\tLevel as string,\n\t\tRole as string,\n\t\tStartDate as string,\n\t\tEndDate as string\n\t),\n\tallowSchemaDrift: true,\n\tvalidateSchema: false,\n\tignoreNoFilesFound: false,\n\tpurgeFiles: true,\n\twildcardPaths:['*.csv']) ~> Employees1\nsource(output(\n\t\tEmpID as integer,\n\t\tsurrogatekey as string,\n\t\tRegion as string,\n\t\tStatus as string,\n\t\tEmpFunction as string,\n\t\tLevel as string,\n\t\tRole as string,\n\t\tStartDate as date,\n\t\tEndDate as date,\n\t\tiscurrent as integer,\n\t\tprocesstime as timestamp\n\t),\n\tallowSchemaDrift: true,\n\tvalidateSchema: false,\n\tignoreNoFilesFound: false,\n\tisolationLevel: 'READ_UNCOMMITTED',\n\tformat: 'table') ~> DimEmployees\nDimEmployees derive(EmpID = toInteger(EmpID)) ~> TypeConversions\nNullFilter derive(EmpID = toInteger(EmpID),\n\t\tStartDate = toDate(StartDate,'MM/dd/yyyy'),\n\t\tEndDate = toDate(EndDate,'MM/dd/yyyy'),\n\t\tprocesstime = currentTimestamp()) ~> TypeConversionsAndSetAttrs\nTypeConversionsAndSetAttrs, TypeConversions lookup(TypeConversionsAndSetAttrs@EmpID == TypeConversions@EmpID,\n\tmultiple: true,\n\tbroadcast: 'auto')~> LookupIDs\nNormNames split(isNull(iscurrent),\n\tdisjoint: false) ~> ConditionalSplit1@(NewRow, CheckForUpdates)\nNameNorm2, TypeConversions exists(NameNorm2@EmpID == TypeConversions@EmpID,\n\tnegate:false,\n\tbroadcast: 'auto')~> checkForChanges\nConditionalSplit1@NewRow derive(iscurrent = 1,\n\t\tsurrogatekey = toString(crc32(EmpID,EmpFunction))) ~> SetAttrsForNew\ncheckForChanges derive(iscurrent = 0) ~> SetAttrsInactive\ncheckForChanges derive(iscurrent = 1) ~> SetAttrsUpdate\nLookupIDs select(mapColumn(\n\t\tEmpID = TypeConversionsAndSetAttrs@EmpID,\n\t\tRegion = Employees1@Region,\n\t\tStatus = Employees1@Status,\n\t\tLevel = Employees1@Level,\n\t\tRole = Employees1@Role,\n\t\tStartDate = TypeConversionsAndSetAttrs@StartDate,\n\t\tEndDate = TypeConversionsAndSetAttrs@EndDate,\n\t\tEmpFunction = Function,\n\t\tiscurrent,\n\t\tprocesstime = TypeConversionsAndSetAttrs@processtime,\n\t\tsurrogatekey\n\t),\n\tskipDuplicateMapInputs: false,\n\tskipDuplicateMapOutputs: false) ~> NormNames\nSetAttrsInactive select(mapColumn(\n\t\tEmpID,\n\t\tStatus,\n\t\tEndDate,\n\t\tiscurrent,\n\t\tprocesstime\n\t),\n\tskipDuplicateMapInputs: false,\n\tskipDuplicateMapOutputs: false) ~> InactiveFields\nInactiveFields alterRow(updateIf(true())) ~> AlterRow1\nEmployees1 filter(!isNull(EmpID)) ~> NullFilter\nConditionalSplit1@CheckForUpdates select(mapColumn(\n\t\tEmpID,\n\t\tRegion,\n\t\tStatus,\n\t\tLevel,\n\t\tRole,\n\t\tStartDate,\n\t\tEndDate,\n\t\tEmpFunction,\n\t\tiscurrent,\n\t\tprocesstime,\n\t\tsurrogatekey\n\t),\n\tskipDuplicateMapInputs: false,\n\tskipDuplicateMapOutputs: false) ~> NameNorm2\nSetAttrsForNew sink(input(\n\t\tEmpID as integer,\n\t\tsurrogatekey as string,\n\t\tRegion as string,\n\t\tStatus as string,\n\t\tEmpFunction as string,\n\t\tLevel as string,\n\t\tRole as string,\n\t\tStartDate as date,\n\t\tEndDate as date,\n\t\tiscurrent as integer,\n\t\tprocesstime as timestamp\n\t),\n\tallowSchemaDrift: true,\n\tvalidateSchema: false,\n\tdeletable:false,\n\tinsertable:true,\n\tupdateable:false,\n\tupsertable:false,\n\tformat: 'table',\n\tbatchSize: 50,\n\tpartitionBy('roundRobin', 4)) ~> sinkNew\nSetAttrsUpdate sink(input(\n\t\tEmpID as integer,\n\t\tsurrogatekey as string,\n\t\tRegion as string,\n\t\tStatus as string,\n\t\tEmpFunction as string,\n\t\tLevel as string,\n\t\tRole as string,\n\t\tStartDate as date,\n\t\tEndDate as date,\n\t\tiscurrent as integer,\n\t\tprocesstime as timestamp\n\t),\n\tallowSchemaDrift: true,\n\tvalidateSchema: false,\n\tdeletable:false,\n\tinsertable:true,\n\tupdateable:false,\n\tupsertable:false,\n\tformat: 'table',\n\tbatchSize: 50,\n\tpartitionBy('roundRobin', 4)) ~> sinkUpdates\nAlterRow1 sink(input(\n\t\tEmpID as integer,\n\t\tsurrogatekey as string,\n\t\tRegion as string,\n\t\tStatus as string,\n\t\tEmpFunction as string,\n\t\tLevel as string,\n\t\tRole as string,\n\t\tStartDate as date,\n\t\tEndDate as date,\n\t\tiscurrent as integer,\n\t\tprocesstime as timestamp\n\t),\n\tallowSchemaDrift: true,\n\tvalidateSchema: false,\n\tdeletable:false,\n\tinsertable:false,\n\tupdateable:true,\n\tupsertable:false,\n\tkeys:['EmpID'],\n\tformat: 'table',\n\tbatchSize: 50,\n\tmapColumn(\n\t\tEmpID,\n\t\tEndDate,\n\t\tiscurrent,\n\t\tprocesstime\n\t),\n\tpartitionBy('roundRobin', 4)) ~> sinkInactive"
                }
            },
            "dependsOn": [
                "[concat(variables('factoryId'), '/datasets/EmployeeFiles')]",
                "[concat(variables('factoryId'), '/datasets/DimEmp')]"
            ]
        },
        {
            "name": "[concat(parameters('factoryName'), '/BikeDataCopy')]",
            "type": "Microsoft.DataFactory/factories/pipelines",
            "apiVersion": "2018-06-01",
            "properties": {
                "activities": [
                    {
                        "name": "Get Table List",
                        "type": "Lookup",
                        "dependsOn": [],
                        "policy": {
                            "timeout": "7.00:00:00",
                            "retry": 0,
                            "retryIntervalInSeconds": 30,
                            "secureOutput": false,
                            "secureInput": false
                        },
                        "userProperties": [],
                        "typeProperties": {
                            "source": {
                                "type": "SqlServerSource",
                                "sqlReaderQuery": "SELECT\n*\nFROM\n\tBikeStores.INFORMATION_SCHEMA.TABLES\nWHERE TABLE_TYPE = 'BASE TABLE'",
                                "queryTimeout": "02:00:00",
                                "partitionOption": "None"
                            },
                            "dataset": {
                                "referenceName": "generatetablelist",
                                "type": "DatasetReference",
                                "parameters": {}
                            },
                            "firstRowOnly": false
                        }
                    },
                    {
                        "name": "Loop through tables",
                        "type": "ForEach",
                        "dependsOn": [
                            {
                                "activity": "Get Table List",
                                "dependencyConditions": [
                                    "Succeeded"
                                ]
                            }
                        ],
                        "userProperties": [],
                        "typeProperties": {
                            "items": {
                                "value": "@activity('Get Table List').output.value",
                                "type": "Expression"
                            },
                            "activities": [
                                {
                                    "name": "Copy Tables from Bike Stores",
                                    "type": "Copy",
                                    "dependsOn": [],
                                    "policy": {
                                        "timeout": "7.00:00:00",
                                        "retry": 0,
                                        "retryIntervalInSeconds": 30,
                                        "secureOutput": false,
                                        "secureInput": false
                                    },
                                    "userProperties": [],
                                    "typeProperties": {
                                        "source": {
                                            "type": "SqlServerSource",
                                            "queryTimeout": "02:00:00",
                                            "partitionOption": "None"
                                        },
                                        "sink": {
                                            "type": "DelimitedTextSink",
                                            "storeSettings": {
                                                "type": "AzureBlobFSWriteSettings"
                                            },
                                            "formatSettings": {
                                                "type": "DelimitedTextWriteSettings",
                                                "quoteAllText": true,
                                                "fileExtension": ".txt"
                                            }
                                        },
                                        "enableStaging": false,
                                        "translator": {
                                            "type": "TabularTranslator",
                                            "typeConversion": true,
                                            "typeConversionSettings": {
                                                "allowDataTruncation": true,
                                                "treatBooleanAsNumber": false
                                            }
                                        }
                                    },
                                    "inputs": [
                                        {
                                            "referenceName": "localselfIR",
                                            "type": "DatasetReference",
                                            "parameters": {
                                                "TableName": {
                                                    "value": "@item().table_name",
                                                    "type": "Expression"
                                                },
                                                "SchemaName": {
                                                    "value": "@item().table_schema",
                                                    "type": "Expression"
                                                },
                                                "DbName": "BikeStores"
                                            }
                                        }
                                    ],
                                    "outputs": [
                                        {
                                            "referenceName": "BikesData",
                                            "type": "DatasetReference",
                                            "parameters": {
                                                "Foldername": "BikeStores",
                                                "FIleName": {
                                                    "value": "@concat(item().table_schema,'_',item().table_name,'.csv')",
                                                    "type": "Expression"
                                                }
                                            }
                                        }
                                    ]
                                }
                            ]
                        }
                    }
                ],
                "folder": {
                    "name": "Initial Load-30072020"
                },
                "annotations": [],
                "lastPublishTime": "2020-09-15T02:43:13Z"
            },
            "dependsOn": [
                "[concat(variables('factoryId'), '/datasets/generatetablelist')]",
                "[concat(variables('factoryId'), '/datasets/localselfIR')]"
            ]
        },
        {
            "name": "[concat(parameters('factoryName'), '/BikeData-singletablecopy')]",
            "type": "Microsoft.DataFactory/factories/pipelines",
            "apiVersion": "2018-06-01",
            "properties": {
                "activities": [
                    {
                        "name": "Bike Customer Data",
                        "type": "Copy",
                        "dependsOn": [],
                        "policy": {
                            "timeout": "7.00:00:00",
                            "retry": 0,
                            "retryIntervalInSeconds": 30,
                            "secureOutput": false,
                            "secureInput": false
                        },
                        "userProperties": [
                            {
                                "name": "Source",
                                "value": "SQL table"
                            },
                            {
                                "name": "Destination",
                                "value": "ADLS gen 2"
                            }
                        ],
                        "typeProperties": {
                            "source": {
                                "type": "SqlServerSource",
                                "queryTimeout": "02:00:00",
                                "partitionOption": "None"
                            },
                            "sink": {
                                "type": "DelimitedTextSink",
                                "storeSettings": {
                                    "type": "AzureBlobFSWriteSettings"
                                },
                                "formatSettings": {
                                    "type": "DelimitedTextWriteSettings",
                                    "quoteAllText": true,
                                    "fileExtension": ".txt"
                                }
                            },
                            "enableStaging": false,
                            "translator": {
                                "type": "TabularTranslator",
                                "typeConversion": true,
                                "typeConversionSettings": {
                                    "allowDataTruncation": true,
                                    "treatBooleanAsNumber": false
                                }
                            }
                        },
                        "inputs": [
                            {
                                "referenceName": "copysingletable",
                                "type": "DatasetReference",
                                "parameters": {}
                            }
                        ],
                        "outputs": [
                            {
                                "referenceName": "singletablecopy",
                                "type": "DatasetReference",
                                "parameters": {}
                            }
                        ]
                    }
                ],
                "folder": {
                    "name": "Initial Load-30072020"
                },
                "annotations": [],
                "lastPublishTime": "2020-09-15T02:43:13Z"
            },
            "dependsOn": [
                "[concat(variables('factoryId'), '/datasets/copysingletable')]"
            ]
        },
        {
            "name": "[concat(parameters('factoryName'), '/DimEmployeePipeline')]",
            "type": "Microsoft.DataFactory/factories/pipelines",
            "apiVersion": "2018-06-01",
            "properties": {
                "activities": [
                    {
                        "name": "LoadDimEmployee",
                        "type": "ExecuteDataFlow",
                        "dependsOn": [],
                        "policy": {
                            "timeout": "7.00:00:00",
                            "retry": 3,
                            "retryIntervalInSeconds": 30,
                            "secureOutput": false,
                            "secureInput": false
                        },
                        "userProperties": [],
                        "typeProperties": {
                            "dataflow": {
                                "referenceName": "DimEmployeeLoader2",
                                "type": "DataFlowReference",
                                "parameters": {},
                                "datasetParameters": {
                                    "Employees1": {},
                                    "DimEmployees": {},
                                    "sinkNew": {},
                                    "sinkUpdates": {},
                                    "sinkInactive": {}
                                }
                            },
                            "staging": {},
                            "compute": {
                                "coreCount": 8,
                                "computeType": "General"
                            }
                        }
                    }
                ],
                "folder": {
                    "name": "Demos"
                },
                "annotations": [],
                "lastPublishTime": "2020-09-25T01:44:02Z"
            },
            "dependsOn": [
                "[concat(variables('factoryId'), '/dataflows/DimEmployeeLoader2')]"
            ]
        },
        {
            "name": "[concat(parameters('factoryName'), '/PipelineAtrigger')]",
            "type": "Microsoft.DataFactory/factories/triggers",
            "apiVersion": "2018-06-01",
            "properties": {
                "annotations": [],
                "runtimeState": "Stopped",
                "pipeline": {
                    "pipelineReference": {
                        "referenceName": "E-E Pipeline - Part 1",
                        "type": "PipelineReference"
                    },
                    "parameters": {}
                },
                "type": "TumblingWindowTrigger",
                "typeProperties": {
                    "frequency": "Hour",
                    "interval": 23,
                    "startTime": "2020-09-19T13:18:00Z",
                    "delay": "00:00:00",
                    "maxConcurrency": 50,
                    "retryPolicy": {
                        "intervalInSeconds": 30
                    },
                    "dependsOn": []
                }
            },
            "dependsOn": [
                "[concat(variables('factoryId'), '/pipelines/E-E Pipeline - Part 1')]"
            ]
        }
    ]
}