{
    "$schema": "http://schema.management.azure.com/schemas/2015-01-01/deploymentTemplate.json#",
    "contentVersion": "1.0.0.0",
    "parameters": {
        "factoryName": {
            "type": "string",
            "metadata": "Data Factory name",
            "defaultValue": "NTTDemo"
        },
        "SqlServer1_connectionString": {
            "type": "secureString",
            "metadata": "Secure string for 'connectionString' of 'SqlServer1'"
        },
        "AzureDataLakeStorage1_accountKey": {
            "type": "secureString",
            "metadata": "Secure string for 'accountKey' of 'AzureDataLakeStorage1'"
        },
        "AzureSqlDatabase1_connectionString": {
            "type": "secureString",
            "metadata": "Secure string for 'connectionString' of 'AzureSqlDatabase1'"
        },
        "nttdemo_accountKey": {
            "type": "secureString",
            "metadata": "Secure string for 'accountKey' of 'nttdemo'"
        },
        "dwhntt_connectionString": {
            "type": "secureString",
            "metadata": "Secure string for 'connectionString' of 'dwhntt'"
        },
        "staging_connectionString": {
            "type": "secureString",
            "metadata": "Secure string for 'connectionString' of 'staging'"
        },
        "nttdatabricks_accessToken": {
            "type": "secureString",
            "metadata": "Secure string for 'accessToken' of 'nttdatabricks'"
        },
        "accessstoragetest_accountKey": {
            "type": "secureString",
            "metadata": "Secure string for 'accountKey' of 'accessstoragetest'"
        },
        "scd2_connectionString": {
            "type": "secureString",
            "metadata": "Secure string for 'connectionString' of 'scd2'"
        },
        "SqlServer2_connectionString": {
            "type": "secureString",
            "metadata": "Secure string for 'connectionString' of 'SqlServer2'"
        },
        "SqlServer2_password": {
            "type": "secureString",
            "metadata": "Secure string for 'password' of 'SqlServer2'"
        },
        "BikestoresDB_connectionString": {
            "type": "secureString",
            "metadata": "Secure string for 'connectionString' of 'BikestoresDB'"
        },
        "BikestoresDB_password": {
            "type": "secureString",
            "metadata": "Secure string for 'password' of 'BikestoresDB'"
        },
        "AzureDataLakeStorage1_properties_typeProperties_url": {
            "type": "string",
            "defaultValue": "https://nttpoc.dfs.core.windows.net"
        },
        "adlsgen2MIconnect_properties_typeProperties_url": {
            "type": "string",
            "defaultValue": "https://nttpoc.dfs.core.windows.net"
        },
        "testmi_properties_typeProperties_url": {
            "type": "string",
            "defaultValue": "https://ntt30072020.dfs.core.windows.net"
        },
        "nttdemo_properties_typeProperties_url": {
            "type": "string",
            "defaultValue": "https://nttpoc.dfs.core.windows.net"
        },
        "accessstoragetest_properties_typeProperties_url": {
            "type": "string",
            "defaultValue": "https://accesstest1809.dfs.core.windows.net"
        },
        "SqlServer2_properties_typeProperties_userName": {
            "type": "string",
            "defaultValue": "SOUTHPACIFIC\\jybehera"
        },
        "BikestoresDB_properties_typeProperties_userName": {
            "type": "string",
            "defaultValue": "SOUTHPACIFIC\\jybehera"
        }
    },
    "variables": {
        "factoryId": "[concat('Microsoft.DataFactory/factories/', parameters('factoryName'))]"
    },
    "resources": [
        {
            "name": "[concat(parameters('factoryName'), '/self-hosted')]",
            "type": "Microsoft.DataFactory/factories/integrationRuntimes",
            "apiVersion": "2018-06-01",
            "properties": {
                "type": "SelfHosted",
                "typeProperties": {}
            },
            "dependsOn": []
        },
        {
            "name": "[concat(parameters('factoryName'), '/SqlServer1')]",
            "type": "Microsoft.DataFactory/factories/linkedServices",
            "apiVersion": "2018-06-01",
            "properties": {
                "parameters": {
                    "dbname": {
                        "type": "string"
                    }
                },
                "annotations": [],
                "type": "SqlServer",
                "typeProperties": {
                    "connectionString": "[parameters('SqlServer1_connectionString')]"
                }
            },
            "dependsOn": []
        },
        {
            "name": "[concat(parameters('factoryName'), '/AzureDataLakeStorage1')]",
            "type": "Microsoft.DataFactory/factories/linkedServices",
            "apiVersion": "2018-06-01",
            "properties": {
                "annotations": [],
                "type": "AzureBlobFS",
                "typeProperties": {
                    "url": "[parameters('AzureDataLakeStorage1_properties_typeProperties_url')]",
                    "accountKey": {
                        "type": "SecureString",
                        "value": "[parameters('AzureDataLakeStorage1_accountKey')]"
                    }
                }
            },
            "dependsOn": []
        },
        {
            "name": "[concat(parameters('factoryName'), '/AzureSqlDatabase1')]",
            "type": "Microsoft.DataFactory/factories/linkedServices",
            "apiVersion": "2018-06-01",
            "properties": {
                "annotations": [],
                "type": "AzureSqlDatabase",
                "typeProperties": {
                    "connectionString": "[parameters('AzureSqlDatabase1_connectionString')]"
                }
            },
            "dependsOn": []
        },
        {
            "name": "[concat(parameters('factoryName'), '/adlsgen2MIconnect')]",
            "type": "Microsoft.DataFactory/factories/linkedServices",
            "apiVersion": "2018-06-01",
            "properties": {
                "annotations": [],
                "type": "AzureBlobFS",
                "typeProperties": {
                    "url": "[parameters('adlsgen2MIconnect_properties_typeProperties_url')]"
                }
            },
            "dependsOn": []
        },
        {
            "name": "[concat(parameters('factoryName'), '/testmi')]",
            "type": "Microsoft.DataFactory/factories/linkedServices",
            "apiVersion": "2018-06-01",
            "properties": {
                "annotations": [],
                "type": "AzureBlobFS",
                "typeProperties": {
                    "url": "[parameters('testmi_properties_typeProperties_url')]"
                }
            },
            "dependsOn": []
        },
        {
            "name": "[concat(parameters('factoryName'), '/nttdemo')]",
            "type": "Microsoft.DataFactory/factories/linkedServices",
            "apiVersion": "2018-06-01",
            "properties": {
                "annotations": [],
                "type": "AzureBlobFS",
                "typeProperties": {
                    "url": "[parameters('nttdemo_properties_typeProperties_url')]",
                    "accountKey": {
                        "type": "SecureString",
                        "value": "[parameters('nttdemo_accountKey')]"
                    }
                }
            },
            "dependsOn": []
        },
        {
            "name": "[concat(parameters('factoryName'), '/dwhntt')]",
            "type": "Microsoft.DataFactory/factories/linkedServices",
            "apiVersion": "2018-06-01",
            "properties": {
                "annotations": [],
                "type": "AzureSqlDW",
                "typeProperties": {
                    "connectionString": "[parameters('dwhntt_connectionString')]"
                }
            },
            "dependsOn": []
        },
        {
            "name": "[concat(parameters('factoryName'), '/staging')]",
            "type": "Microsoft.DataFactory/factories/linkedServices",
            "apiVersion": "2018-06-01",
            "properties": {
                "annotations": [],
                "type": "AzureBlobStorage",
                "typeProperties": {
                    "connectionString": "[parameters('staging_connectionString')]"
                }
            },
            "dependsOn": []
        },
        {
            "name": "[concat(parameters('factoryName'), '/nttdatabricks')]",
            "type": "Microsoft.DataFactory/factories/linkedServices",
            "apiVersion": "2018-06-01",
            "properties": {
                "annotations": [],
                "type": "AzureDatabricks",
                "typeProperties": {
                    "domain": "https://adb-5402544051774924.4.azuredatabricks.net",
                    "accessToken": {
                        "type": "SecureString",
                        "value": "[parameters('nttdatabricks_accessToken')]"
                    },
                    "newClusterNodeType": "Standard_L4s",
                    "newClusterNumOfWorker": "1:3",
                    "newClusterSparkEnvVars": {
                        "PYSPARK_PYTHON": "/databricks/python3/bin/python3"
                    },
                    "newClusterVersion": "7.1.x-scala2.12"
                }
            },
            "dependsOn": []
        },
        {
            "name": "[concat(parameters('factoryName'), '/accessstoragetest')]",
            "type": "Microsoft.DataFactory/factories/linkedServices",
            "apiVersion": "2018-06-01",
            "properties": {
                "annotations": [],
                "type": "AzureBlobFS",
                "typeProperties": {
                    "url": "[parameters('accessstoragetest_properties_typeProperties_url')]",
                    "accountKey": {
                        "type": "SecureString",
                        "value": "[parameters('accessstoragetest_accountKey')]"
                    }
                }
            },
            "dependsOn": []
        },
        {
            "name": "[concat(parameters('factoryName'), '/scd2')]",
            "type": "Microsoft.DataFactory/factories/linkedServices",
            "apiVersion": "2018-06-01",
            "properties": {
                "annotations": [],
                "type": "AzureSqlDatabase",
                "typeProperties": {
                    "connectionString": "[parameters('scd2_connectionString')]"
                }
            },
            "dependsOn": []
        },
        {
            "name": "[concat(parameters('factoryName'), '/SqlServer2')]",
            "type": "Microsoft.DataFactory/factories/linkedServices",
            "apiVersion": "2018-06-01",
            "properties": {
                "annotations": [],
                "type": "SqlServer",
                "typeProperties": {
                    "connectionString": "[parameters('SqlServer2_connectionString')]",
                    "userName": "[parameters('SqlServer2_properties_typeProperties_userName')]",
                    "password": {
                        "type": "SecureString",
                        "value": "[parameters('SqlServer2_password')]"
                    }
                },
                "connectVia": {
                    "referenceName": "self-hosted",
                    "type": "IntegrationRuntimeReference"
                }
            },
            "dependsOn": [
                "[concat(variables('factoryId'), '/integrationRuntimes/self-hosted')]"
            ]
        },
        {
            "name": "[concat(parameters('factoryName'), '/BikestoresDB')]",
            "type": "Microsoft.DataFactory/factories/linkedServices",
            "apiVersion": "2018-06-01",
            "properties": {
                "parameters": {
                    "DBName": {
                        "type": "string"
                    }
                },
                "annotations": [],
                "type": "SqlServer",
                "typeProperties": {
                    "connectionString": "[parameters('BikestoresDB_connectionString')]",
                    "userName": "[parameters('BikestoresDB_properties_typeProperties_userName')]",
                    "password": {
                        "type": "SecureString",
                        "value": "[parameters('BikestoresDB_password')]"
                    }
                },
                "connectVia": {
                    "referenceName": "self-hosted",
                    "type": "IntegrationRuntimeReference"
                }
            },
            "dependsOn": [
                "[concat(variables('factoryId'), '/integrationRuntimes/self-hosted')]"
            ]
        },
        {
            "name": "[concat(parameters('factoryName'), '/Binary1')]",
            "type": "Microsoft.DataFactory/factories/datasets",
            "apiVersion": "2018-06-01",
            "properties": {
                "linkedServiceName": {
                    "referenceName": "AzureDataLakeStorage1",
                    "type": "LinkedServiceReference"
                },
                "folder": {
                    "name": "NTT-27072020"
                },
                "annotations": [],
                "type": "Binary",
                "typeProperties": {
                    "location": {
                        "type": "AzureBlobFSLocation"
                    }
                }
            },
            "dependsOn": [
                "[concat(variables('factoryId'), '/linkedServices/AzureDataLakeStorage1')]"
            ]
        },
        {
            "name": "[concat(parameters('factoryName'), '/foreachdata')]",
            "type": "Microsoft.DataFactory/factories/datasets",
            "apiVersion": "2018-06-01",
            "properties": {
                "linkedServiceName": {
                    "referenceName": "AzureDataLakeStorage1",
                    "type": "LinkedServiceReference"
                },
                "parameters": {
                    "FolderName": {
                        "type": "string"
                    }
                },
                "folder": {
                    "name": "NTT-27072020"
                },
                "annotations": [],
                "type": "DelimitedText",
                "typeProperties": {
                    "location": {
                        "type": "AzureBlobFSLocation",
                        "folderPath": {
                            "value": "@dataset().FolderName",
                            "type": "Expression"
                        },
                        "fileSystem": "input"
                    },
                    "columnDelimiter": ",",
                    "escapeChar": "\\",
                    "quoteChar": "\""
                },
                "schema": [
                    {
                        "type": "String"
                    },
                    {
                        "type": "String"
                    },
                    {
                        "type": "String"
                    },
                    {
                        "type": "String"
                    },
                    {
                        "type": "String"
                    },
                    {
                        "type": "String"
                    },
                    {
                        "type": "String"
                    },
                    {
                        "type": "String"
                    },
                    {
                        "type": "String"
                    }
                ]
            },
            "dependsOn": [
                "[concat(variables('factoryId'), '/linkedServices/AzureDataLakeStorage1')]"
            ]
        },
        {
            "name": "[concat(parameters('factoryName'), '/customerdata')]",
            "type": "Microsoft.DataFactory/factories/datasets",
            "apiVersion": "2018-06-01",
            "properties": {
                "linkedServiceName": {
                    "referenceName": "AzureDataLakeStorage1",
                    "type": "LinkedServiceReference"
                },
                "parameters": {
                    "ContainerName": {
                        "type": "string"
                    },
                    "FolderName": {
                        "type": "string"
                    },
                    "FileName": {
                        "type": "string"
                    }
                },
                "annotations": [],
                "type": "DelimitedText",
                "typeProperties": {
                    "location": {
                        "type": "AzureBlobFSLocation",
                        "fileName": {
                            "value": "@dataset().FileName",
                            "type": "Expression"
                        },
                        "folderPath": {
                            "value": "@dataset().FolderName",
                            "type": "Expression"
                        },
                        "fileSystem": {
                            "value": "@dataset().ContainerName",
                            "type": "Expression"
                        }
                    },
                    "columnDelimiter": ",",
                    "escapeChar": "\\",
                    "firstRowAsHeader": true,
                    "quoteChar": "\""
                },
                "schema": [
                    {
                        "name": "Cid",
                        "type": "String"
                    },
                    {
                        "name": "Customer_fname",
                        "type": "String"
                    },
                    {
                        "name": "Customer_Lname",
                        "type": "String"
                    },
                    {
                        "name": "email_id",
                        "type": "String"
                    },
                    {
                        "name": "ph_no",
                        "type": "String"
                    },
                    {
                        "name": "Gender",
                        "type": "String"
                    },
                    {
                        "name": "Age",
                        "type": "String"
                    },
                    {
                        "name": "county",
                        "type": "String"
                    },
                    {
                        "name": "country",
                        "type": "String"
                    }
                ]
            },
            "dependsOn": [
                "[concat(variables('factoryId'), '/linkedServices/AzureDataLakeStorage1')]"
            ]
        },
        {
            "name": "[concat(parameters('factoryName'), '/AzureSqlTable1')]",
            "type": "Microsoft.DataFactory/factories/datasets",
            "apiVersion": "2018-06-01",
            "properties": {
                "linkedServiceName": {
                    "referenceName": "AzureSqlDatabase1",
                    "type": "LinkedServiceReference"
                },
                "folder": {
                    "name": "NTT-27072020"
                },
                "annotations": [],
                "type": "AzureSqlTable",
                "schema": [],
                "typeProperties": {}
            },
            "dependsOn": [
                "[concat(variables('factoryId'), '/linkedServices/AzureSqlDatabase1')]"
            ]
        },
        {
            "name": "[concat(parameters('factoryName'), '/BikesData')]",
            "type": "Microsoft.DataFactory/factories/datasets",
            "apiVersion": "2018-06-01",
            "properties": {
                "linkedServiceName": {
                    "referenceName": "AzureDataLakeStorage1",
                    "type": "LinkedServiceReference"
                },
                "parameters": {
                    "Foldername": {
                        "type": "string",
                        "defaultValue": "shop_customer"
                    },
                    "FIleName": {
                        "type": "string"
                    }
                },
                "folder": {
                    "name": "NTT-27072020"
                },
                "annotations": [],
                "type": "DelimitedText",
                "typeProperties": {
                    "location": {
                        "type": "AzureBlobFSLocation",
                        "fileName": {
                            "value": "@dataset().FIleName",
                            "type": "Expression"
                        },
                        "folderPath": {
                            "value": "@concat(dataset().Foldername,'/',formatDateTime(utcnow(),'yyyy/MM/dd'))",
                            "type": "Expression"
                        },
                        "fileSystem": "output"
                    },
                    "columnDelimiter": ",",
                    "escapeChar": "\\",
                    "firstRowAsHeader": true,
                    "quoteChar": "\""
                },
                "schema": []
            },
            "dependsOn": [
                "[concat(variables('factoryId'), '/linkedServices/AzureDataLakeStorage1')]"
            ]
        },
        {
            "name": "[concat(parameters('factoryName'), '/singletablecopy')]",
            "type": "Microsoft.DataFactory/factories/datasets",
            "apiVersion": "2018-06-01",
            "properties": {
                "linkedServiceName": {
                    "referenceName": "AzureDataLakeStorage1",
                    "type": "LinkedServiceReference"
                },
                "folder": {
                    "name": "NTT-30072020"
                },
                "annotations": [],
                "type": "DelimitedText",
                "typeProperties": {
                    "location": {
                        "type": "AzureBlobFSLocation",
                        "folderPath": {
                            "value": "@concat('Bikes_Dataset','/',formatDateTime(utcnow(),'yyyy/MM/dd'))",
                            "type": "Expression"
                        },
                        "fileSystem": "output"
                    },
                    "columnDelimiter": ",",
                    "escapeChar": "\\",
                    "quoteChar": "\""
                },
                "schema": []
            },
            "dependsOn": [
                "[concat(variables('factoryId'), '/linkedServices/AzureDataLakeStorage1')]"
            ]
        }
    ]
}