{
    "$schema": "https://schema.management.azure.com/schemas/2015-01-01/deploymentParameters.json#",
    "contentVersion": "1.0.0.0",
    "parameters": {
        "factoryName": {
            "value": "NTTDemo"
        },
        "SqlServer1_connectionString": {
            "value": ""
        },
        "AzureDataLakeStorage1_accountKey": {
            "value": ""
        },
        "AzureSqlDatabase1_connectionString": {
            "value": ""
        },
        "SqlServer2_connectionString": {
            "value": ""
        },
        "SqlServer2_password": {
            "value": ""
        },
        "BikestoresDB_connectionString": {
            "value": ""
        },
        "BikestoresDB_password": {
            "value": ""
        },
        "nttdemo_accountKey": {
            "value": ""
        },
        "dwhntt_connectionString": {
            "value": ""
        },
        "staging_connectionString": {
            "value": ""
        },
        "nttdatabricks_accessToken": {
            "value": ""
        },
        "accessstoragetest_accountKey": {
            "value": ""
        },
        "scd2_connectionString": {
            "value": ""
        },
        "AzureDataLakeStorage1_properties_typeProperties_url": {
            "value": "https://nttpoc.dfs.core.windows.net"
        },
        "SqlServer2_properties_typeProperties_userName": {
            "value": "SOUTHPACIFIC\\jybehera"
        },
        "adlsgen2MIconnect_properties_typeProperties_url": {
            "value": "https://nttpoc.dfs.core.windows.net"
        },
        "BikestoresDB_properties_typeProperties_userName": {
            "value": "SOUTHPACIFIC\\jybehera"
        },
        "testmi_properties_typeProperties_url": {
            "value": "https://ntt30072020.dfs.core.windows.net"
        },
        "nttdemo_properties_typeProperties_url": {
            "value": "https://nttpoc.dfs.core.windows.net"
        },
        "accessstoragetest_properties_typeProperties_url": {
            "value": "https://accesstest1809.dfs.core.windows.net"
        },
        "containerUri": {
            "value": ""
        },
        "containerSasToken": {
            "value": ""
        }
    }
}