{
    "$schema": "http://schema.management.azure.com/schemas/2015-01-01/deploymentTemplate.json#",
    "contentVersion": "1.0.0.0",
    "parameters": {
        "factoryName": {
            "type": "string",
            "metadata": "Data Factory name",
            "defaultValue": "NTTDemo"
        },
        "SqlServer1_connectionString": {
            "type": "secureString",
            "metadata": "Secure string for 'connectionString' of 'SqlServer1'"
        },
        "AzureDataLakeStorage1_accountKey": {
            "type": "secureString",
            "metadata": "Secure string for 'accountKey' of 'AzureDataLakeStorage1'"
        },
        "AzureSqlDatabase1_connectionString": {
            "type": "secureString",
            "metadata": "Secure string for 'connectionString' of 'AzureSqlDatabase1'"
        },
        "SqlServer2_connectionString": {
            "type": "secureString",
            "metadata": "Secure string for 'connectionString' of 'SqlServer2'"
        },
        "SqlServer2_password": {
            "type": "secureString",
            "metadata": "Secure string for 'password' of 'SqlServer2'"
        },
        "BikestoresDB_connectionString": {
            "type": "secureString",
            "metadata": "Secure string for 'connectionString' of 'BikestoresDB'"
        },
        "BikestoresDB_password": {
            "type": "secureString",
            "metadata": "Secure string for 'password' of 'BikestoresDB'"
        },
        "nttdemo_accountKey": {
            "type": "secureString",
            "metadata": "Secure string for 'accountKey' of 'nttdemo'"
        },
        "dwhntt_connectionString": {
            "type": "secureString",
            "metadata": "Secure string for 'connectionString' of 'dwhntt'"
        },
        "staging_connectionString": {
            "type": "secureString",
            "metadata": "Secure string for 'connectionString' of 'staging'"
        },
        "nttdatabricks_accessToken": {
            "type": "secureString",
            "metadata": "Secure string for 'accessToken' of 'nttdatabricks'"
        },
        "accessstoragetest_accountKey": {
            "type": "secureString",
            "metadata": "Secure string for 'accountKey' of 'accessstoragetest'"
        },
        "scd2_connectionString": {
            "type": "secureString",
            "metadata": "Secure string for 'connectionString' of 'scd2'"
        },
        "AzureDataLakeStorage1_properties_typeProperties_url": {
            "type": "string",
            "defaultValue": "https://nttpoc.dfs.core.windows.net"
        },
        "SqlServer2_properties_typeProperties_userName": {
            "type": "string",
            "defaultValue": "SOUTHPACIFIC\\jybehera"
        },
        "adlsgen2MIconnect_properties_typeProperties_url": {
            "type": "string",
            "defaultValue": "https://nttpoc.dfs.core.windows.net"
        },
        "BikestoresDB_properties_typeProperties_userName": {
            "type": "string",
            "defaultValue": "SOUTHPACIFIC\\jybehera"
        },
        "testmi_properties_typeProperties_url": {
            "type": "string",
            "defaultValue": "https://ntt30072020.dfs.core.windows.net"
        },
        "nttdemo_properties_typeProperties_url": {
            "type": "string",
            "defaultValue": "https://nttpoc.dfs.core.windows.net"
        },
        "accessstoragetest_properties_typeProperties_url": {
            "type": "string",
            "defaultValue": "https://accesstest1809.dfs.core.windows.net"
        },
        "containerUri": {
            "type": "string",
            "metadata": "URI to storage account containing linked ARM templates"
        },
        "containerSasToken": {
            "type": "string",
            "metadata": "Sas token to storage account containing linked ARM templates"
        }
    },
    "variables": {
        "factoryId": "[concat('Microsoft.DataFactory/factories/', parameters('factoryName'))]"
    },
    "resources": [
        {
            "name": "NTTDemo_ArmTemplate_0",
            "type": "Microsoft.Resources/deployments",
            "apiVersion": "2018-02-01",
            "properties": {
                "mode": "incremental",
                "templateLink": {
                    "uri": "[concat(parameters('containerUri'), '/ArmTemplate_0.json', parameters('containerSasToken'))]",
                    "contentVersion": "1.0.0.0"
                },
                "parameters": {
                    "factoryName": {
                        "value": "[parameters('factoryName')]"
                    },
                    "SqlServer1_connectionString": {
                        "value": "[parameters('SqlServer1_connectionString')]"
                    },
                    "AzureDataLakeStorage1_accountKey": {
                        "value": "[parameters('AzureDataLakeStorage1_accountKey')]"
                    },
                    "AzureSqlDatabase1_connectionString": {
                        "value": "[parameters('AzureSqlDatabase1_connectionString')]"
                    },
                    "nttdemo_accountKey": {
                        "value": "[parameters('nttdemo_accountKey')]"
                    },
                    "dwhntt_connectionString": {
                        "value": "[parameters('dwhntt_connectionString')]"
                    },
                    "staging_connectionString": {
                        "value": "[parameters('staging_connectionString')]"
                    },
                    "nttdatabricks_accessToken": {
                        "value": "[parameters('nttdatabricks_accessToken')]"
                    },
                    "accessstoragetest_accountKey": {
                        "value": "[parameters('accessstoragetest_accountKey')]"
                    },
                    "scd2_connectionString": {
                        "value": "[parameters('scd2_connectionString')]"
                    },
                    "SqlServer2_connectionString": {
                        "value": "[parameters('SqlServer2_connectionString')]"
                    },
                    "SqlServer2_password": {
                        "value": "[parameters('SqlServer2_password')]"
                    },
                    "BikestoresDB_connectionString": {
                        "value": "[parameters('BikestoresDB_connectionString')]"
                    },
                    "BikestoresDB_password": {
                        "value": "[parameters('BikestoresDB_password')]"
                    },
                    "AzureDataLakeStorage1_properties_typeProperties_url": {
                        "value": "[parameters('AzureDataLakeStorage1_properties_typeProperties_url')]"
                    },
                    "adlsgen2MIconnect_properties_typeProperties_url": {
                        "value": "[parameters('adlsgen2MIconnect_properties_typeProperties_url')]"
                    },
                    "testmi_properties_typeProperties_url": {
                        "value": "[parameters('testmi_properties_typeProperties_url')]"
                    },
                    "nttdemo_properties_typeProperties_url": {
                        "value": "[parameters('nttdemo_properties_typeProperties_url')]"
                    },
                    "accessstoragetest_properties_typeProperties_url": {
                        "value": "[parameters('accessstoragetest_properties_typeProperties_url')]"
                    },
                    "SqlServer2_properties_typeProperties_userName": {
                        "value": "[parameters('SqlServer2_properties_typeProperties_userName')]"
                    },
                    "BikestoresDB_properties_typeProperties_userName": {
                        "value": "[parameters('BikestoresDB_properties_typeProperties_userName')]"
                    }
                }
            },
            "dependsOn": []
        },
        {
            "name": "NTTDemo_ArmTemplate_1",
            "type": "Microsoft.Resources/deployments",
            "apiVersion": "2018-02-01",
            "properties": {
                "mode": "incremental",
                "templateLink": {
                    "uri": "[concat(parameters('containerUri'), '/ArmTemplate_1.json', parameters('containerSasToken'))]",
                    "contentVersion": "1.0.0.0"
                },
                "parameters": {
                    "factoryName": {
                        "value": "[parameters('factoryName')]"
                    }
                }
            },
            "dependsOn": [
                "[resourceId('Microsoft.Resources/deployments', 'NTTDemo_ArmTemplate_0')]"
            ]
        },
        {
            "name": "NTTDemo_ArmTemplate_2",
            "type": "Microsoft.Resources/deployments",
            "apiVersion": "2018-02-01",
            "properties": {
                "mode": "incremental",
                "templateLink": {
                    "uri": "[concat(parameters('containerUri'), '/ArmTemplate_2.json', parameters('containerSasToken'))]",
                    "contentVersion": "1.0.0.0"
                },
                "parameters": {
                    "factoryName": {
                        "value": "[parameters('factoryName')]"
                    }
                }
            },
            "dependsOn": [
                "[resourceId('Microsoft.Resources/deployments', 'NTTDemo_ArmTemplate_1')]"
            ]
        }
    ]
}