{
    "$schema": "http://schema.management.azure.com/schemas/2015-01-01/deploymentTemplate.json#",
    "contentVersion": "1.0.0.0",
    "parameters": {
        "factoryName": {
            "type": "string",
            "metadata": "Data Factory name",
            "defaultValue": "NTTDemo"
        }
    },
    "variables": {
        "factoryId": "[concat('Microsoft.DataFactory/factories/', parameters('factoryName'))]"
    },
    "resources": [
        {
            "name": "[concat(parameters('factoryName'), '/DailyRun')]",
            "type": "Microsoft.DataFactory/factories/triggers",
            "apiVersion": "2018-06-01",
            "properties": {
                "annotations": [],
                "runtimeState": "Stopped",
                "pipelines": [
                    {
                        "pipelineReference": {
                            "referenceName": "BikeDataCopy",
                            "type": "PipelineReference"
                        },
                        "parameters": {}
                    },
                    {
                        "pipelineReference": {
                            "referenceName": "BikeData-singletablecopy",
                            "type": "PipelineReference"
                        },
                        "parameters": {}
                    }
                ],
                "type": "ScheduleTrigger",
                "typeProperties": {
                    "recurrence": {
                        "frequency": "Day",
                        "interval": 1,
                        "startTime": "2020-08-02T13:21:00Z",
                        "timeZone": "UTC",
                        "schedule": {
                            "minutes": [
                                30
                            ],
                            "hours": [
                                15
                            ]
                        }
                    }
                }
            },
            "dependsOn": []
        },
        {
            "name": "[concat(parameters('factoryName'), '/DependencyTrigger')]",
            "type": "Microsoft.DataFactory/factories/triggers",
            "apiVersion": "2018-06-01",
            "properties": {
                "annotations": [],
                "runtimeState": "Stopped",
                "pipeline": {
                    "pipelineReference": {
                        "referenceName": "E-E Pipeline - Part2",
                        "type": "PipelineReference"
                    },
                    "parameters": {}
                },
                "type": "TumblingWindowTrigger",
                "typeProperties": {
                    "frequency": "Hour",
                    "interval": 24,
                    "startTime": "2020-09-19T13:19:00Z",
                    "delay": "00:00:00",
                    "maxConcurrency": 50,
                    "retryPolicy": {
                        "intervalInSeconds": 30
                    },
                    "dependsOn": [
                        {
                            "type": "TumblingWindowTriggerDependencyReference",
                            "size": "1.00:00:00",
                            "referenceTrigger": {
                                "referenceName": "PipelineAtrigger",
                                "type": "TriggerReference"
                            }
                        }
                    ]
                }
            },
            "dependsOn": []
        }
    ]
}