{"$schema":"http://schema.management.azure.com/schemas/2015-01-01/deploymentTemplate.json#","contentVersion":"1.0.0.0","parameters":{"factoryName":{"type":"string","metadata":"Data Factory name"},"dwhntt":{"type":"string"},"nttdemo":{"type":"string"}},"variables":{"factoryId":"[concat('Microsoft.DataFactory/factories/', parameters('factoryName'))]"},"resources":[{"name":"[concat(parameters('factoryName'), '/E-E Pipeline - Part 1')]","type":"Microsoft.DataFactory/factories/pipelines","apiVersion":"2018-06-01","properties":{"activities":[{"name":"List tables","type":"Lookup","dependsOn":[],"policy":{"timeout":"7.00:00:00","retry":0,"retryIntervalInSeconds":30,"secureOutput":false,"secureInput":false},"userProperties":[],"typeProperties":{"source":{"type":"SqlDWSource","sqlReaderQuery":"SELECT * FROM sys.tables\nwhere name in ('company','contract')","queryTimeout":"02:00:00","partitionOption":"None"},"dataset":{"referenceName":"nttlisttables","type":"DatasetReference","parameters":{}},"firstRowOnly":false}},{"name":"Table iteration","type":"ForEach","dependsOn":[{"activity":"List tables","dependencyConditions":["Succeeded"]}],"userProperties":[],"typeProperties":{"items":{"value":"@activity('List tables').output.value","type":"Expression"},"activities":[{"name":"Data Transfer","type":"Copy","dependsOn":[],"policy":{"timeout":"7.00:00:00","retry":0,"retryIntervalInSeconds":30,"secureOutput":false,"secureInput":false},"userProperties":[],"typeProperties":{"source":{"type":"SqlDWSource","queryTimeout":"02:00:00","partitionOption":"None"},"sink":{"type":"DelimitedTextSink","storeSettings":{"type":"AzureBlobFSWriteSettings"},"formatSettings":{"type":"DelimitedTextWriteSettings","quoteAllText":true,"fileExtension":".csv"}},"enableStaging":false,"translator":{"type":"TabularTranslator","typeConversion":true,"typeConversionSettings":{"allowDataTruncation":true,"treatBooleanAsNumber":false}}},"inputs":[{"referenceName":"synapsentt","type":"DatasetReference","parameters":{"SchemaName":"dbo","TableName":{"value":"@item().name","type":"Expression"}}}],"outputs":[{"referenceName":"ntt_data","type":"DatasetReference","parameters":{"File Name":{"value":"@concat(item().name,'.csv')","type":"Expression"}}}]}]}},{"name":"Lookup Activity Failure","type":"WebActivity","dependsOn":[{"activity":"List tables","dependencyConditions":["Failed"]}],"policy":{"timeout":"7.00:00:00","retry":0,"retryIntervalInSeconds":30,"secureOutput":false,"secureInput":false},"userProperties":[],"typeProperties":{"url":"https://prod-08.southeastasia.logic.azure.com:443/workflows/83938054297a4dd6a2b9f8b9ac95b20f/triggers/manual/paths/invoke?api-version=2016-10-01&sp=%2Ftriggers%2Fmanual%2Frun&sv=1.0&sig=XBi1Gn9--u_px64jhviCIboL3f5j6Sr8aYYDGU724HE","method":"POST","headers":{"Content-Type":"application/json"},"body":{"DataFactoryName":"@{pipeline().DataFactory}","PipelineName":"@{pipeline().Pipeline}","Subject":"An error has occurred!","ErrorMessage":"ADF activity failed! Please check the logs.","EmailTo":"jybehera@microsoft.com"}}},{"name":"Table Ingestion Failure","type":"WebActivity","dependsOn":[{"activity":"Table iteration","dependencyConditions":["Failed"]}],"policy":{"timeout":"7.00:00:00","retry":0,"retryIntervalInSeconds":30,"secureOutput":false,"secureInput":false},"userProperties":[],"typeProperties":{"url":"https://prod-08.southeastasia.logic.azure.com:443/workflows/83938054297a4dd6a2b9f8b9ac95b20f/triggers/manual/paths/invoke?api-version=2016-10-01&sp=%2Ftriggers%2Fmanual%2Frun&sv=1.0&sig=XBi1Gn9--u_px64jhviCIboL3f5j6Sr8aYYDGU724HE","method":"POST","headers":{"Content-Type":"application/json"},"body":{"DataFactoryName":"@{pipeline().DataFactory}","PipelineName":"@{pipeline().Pipeline}","Subject":"An error has occurred!","ErrorMessage":"ADF activity failed! Please check the logs.","EmailTo":"jybehera@microsoft.com"}}}],"folder":{"name":"E-E Pipeline"},"annotations":[],"lastPublishTime":"2020-09-28T01:40:30Z"},"dependsOn":["[concat(variables('factoryId'), '/datasets/nttlisttables')]","[concat(variables('factoryId'), '/datasets/synapsentt')]","[concat(variables('factoryId'), '/datasets/ntt_data')]"]},{"name":"[concat(parameters('factoryName'), '/nttlisttables')]","type":"Microsoft.DataFactory/factories/datasets","apiVersion":"2018-06-01","properties":{"linkedServiceName":{"referenceName":"[parameters('dwhntt')]","type":"LinkedServiceReference"},"folder":{"name":"E-E Pipeline Datasets"},"annotations":[],"type":"AzureSqlDWTable","schema":[],"typeProperties":{}},"dependsOn":[]},{"name":"[concat(parameters('factoryName'), '/synapsentt')]","type":"Microsoft.DataFactory/factories/datasets","apiVersion":"2018-06-01","properties":{"linkedServiceName":{"referenceName":"[parameters('dwhntt')]","type":"LinkedServiceReference"},"parameters":{"SchemaName":{"type":"string"},"TableName":{"type":"string"}},"folder":{"name":"E-E Pipeline Datasets"},"annotations":[],"type":"AzureSqlDWTable","schema":[],"typeProperties":{"schema":{"value":"@dataset().SchemaName","type":"Expression"},"table":{"value":"@dataset().TableName","type":"Expression"}}},"dependsOn":[]},{"name":"[concat(parameters('factoryName'), '/ntt_data')]","type":"Microsoft.DataFactory/factories/datasets","apiVersion":"2018-06-01","properties":{"linkedServiceName":{"referenceName":"[parameters('nttdemo')]","type":"LinkedServiceReference"},"parameters":{"File Name":{"type":"string"}},"folder":{"name":"E-E Pipeline Datasets"},"annotations":[],"type":"DelimitedText","typeProperties":{"location":{"type":"AzureBlobFSLocation","folderPath":{"value":"@concat('Landing','/','year=',formatDateTime(utcnow(),'yyyy'),'/','month=',formatDateTime(utcnow(),'MM'),'/','day=',formatDateTime(utcnow(),'dd'))","type":"Expression"},"fileSystem":"pipelinetest"},"columnDelimiter":",","escapeChar":"\\","firstRowAsHeader":true,"quoteChar":"\""},"schema":[{"type":"String"},{"type":"String"},{"type":"String"},{"type":"String"},{"type":"String"},{"type":"String"},{"type":"String"},{"type":"String"},{"type":"String"},{"type":"String"},{"type":"String"},{"type":"String"},{"type":"String"},{"type":"String"},{"type":"String"},{"type":"String"},{"type":"String"}]},"dependsOn":[]}]}